Abu Dhabi,Canberra (Use Sydney),plane,24,1339,,,,,,,
Abu Dhabi,Lima,plane,30,1967,,,,,,,
Abu Dhabi,London,plane,10,666,,,,,,,
Abu Dhabi,Manama,plane,1.25,130,,,,,,,
Abu Dhabi,Masqat,bus,7,30,,,,,,,
Abu Dhabi,Masqat,plane,1,122,,,,,,,
Abu Dhabi,Pretoria (Use Johannesburg),plane,16,714,,,,,,,
Abu Dhabi,Riyadh,plane,3,172,,,,,,,
Abu Dhabi,Singapore,plane,11,545,,,,,,,
Abu Dhabi,Washington DC,plane,14,585,,,,,,,
Abuja,Cairo,plane,16,971,,,,,,,
Abuja,N'Djamena,bus,0.25,0.4,,,,,,,
Accra,Freetown,plane,3,591,,,,,,,
Accra,Lome,plane,0.666667,344,,,,,,,
Accra,Ouagadougou,plane,1.33333,420,,,,,,,
Accra,Yamoussoukro,plane,1,327,,,,,,,
Addis Ababa,Bamako,plane,7,797,,,,,,,
Addis Ababa,Cairo,plane,3,221,,,,,,,
Addis Ababa,Djibouti,plane,1.33,288,,,,,,,
Addis Ababa,Mogadishu,plane,20,830,,,,,,,
Algiers,Nassau,plane,34,1710,,,,,,,
Algiers,Tunis,plane,1.2,186,,,,,,,
Amman,Baghdad,plane,2,456,,,,,,,
Amman,Baghdad,plane,2,456,,,,,,,
Amman,Beirut,plane,2,156,,,,,,,
Amman,Cairo,bus,20,42.37,,,,,,,
Amman,Damascus,bus,5,11,,,,,,,
Amman,Jerusalem,plane,0.75,359,,,,,,,
Amsterdam,Berlin,bus,10.25,70.5,,,,,,,
Amsterdam,Berlin,train,6.3,185,,,,,,,
Amsterdam,Brussels,bus,2.75,19.58,,,,,,,
Amsterdam,Brussels,train,2,111,,,,,,,
Amsterdam,Canberra (Use Sydney),plane,21.3,804,,,,,,,
Amsterdam,Lima,plane,30.7,1640,,,,,,,
Amsterdam,London,plane,1,60,,,,,,,
Amsterdam,Pretoria (Use Johannesburg),plane,15,560,,,,,,,
Amsterdam,Singapore,plane,12.5,549,,,,,,,
Amsterdam,Washington DC,plane,19.3,662,,,,,,,
Andorra la Vella,Madrid,bus,12,146,,,,,,,
Andorra la Vella,Paris,train,11,133,,,,,,,
Ankara,Cairo,plane,5,470,,,,,,,
Ankara,Nicosia,train,3,422,,,,,,,
Ankara,Tehran,plane,3,123,,,,,,,
Ankara,Yaounde,plane,12,1123,,,,,,,
Antananarivo,Moroni,plane,1.3,520,,,,,,,
Apia,Pago Pago,plane,1.5,76,,,,,,,
Ashgabat,Astana,plane,21,528,,,,,,,
Ashgabat,Kabul,plane,30,695,,,,,,,
Ashgabat,Lima,plane,57,1824,,,,,,,
Ashgabat,London,plane,15,307,,,,,,,
Ashgabat,Pretoria (Use Johannesburg),plane,32.5,908,,,,,,,
Ashgabat,Singapore,plane,19,836,,,,,,,
Ashgabat,Tashkent,plane,29,593,,,,,,,
Ashgabat,Tehran,plane,29,598,,,,,,,
Ashgabat,Washington DC,plane,19,1075,,,,,,,
Asmara,Canberra (Use Sydney),plane,44,3284,,,,,,,
Asmara,Djibouti,plane,29,629,,,,,,,
Asmara,Lima,plane,33,2372,,,,,,,
Asmara,London,plane,13,1168,,,,,,,
Asmara,Pretoria (Use Johannesburg),plane,32,1170,,,,,,,
Asmara,Singapore,plane,37,1467,,,,,,,
Asmara,Washington DC,plane,21,1526,,,,,,,
Astana,Ashgabat,plane,21,528,,,,,,,
Astana,Beijing,plane,9,420,,,,,,,
Astana,Beijing,train,40,300,,,,,,,
Astana,Bishkek,plane,4,963,,,,,,,
Astana,Kabul,plane,19,196,,,,,,,
Astana,Moskva,plane,16,363,,,,,,,
Astana,Tashkent,bus,4.5,408,,,,,,,
Asuncion,Brasilia,bus,17,89,,,,,,,
Asuncion,Buenos Aires,bus,17,82,,,,,,,
Asuncion,Canberra (Use Sydney),plane,57,2129,,,,,,,
Asuncion,La Paz,bus,28,430,,,,,,,
Asuncion,London,plane,23,1377,,,,,,,
Asuncion,Pretoria (Use Johannesburg),plane,20,1720,,,,,,,
Asuncion,Singapore,plane,33,2262,,,,,,,
Asuncion,Washington DC,plane,15,934,,,,,,,
Athens,Belgrade,bus,16.5,70.5,,,,,,,
Athens,Canberra (Use Sydney),plane,21.83,870,,,,,,,
Athens,Lima,plane,29.4167,1282,,,,,,,
Athens,London,plane,4,227,,,,,,,
Athens,Pretoria (Use Johannesburg),plane,15,515,,,,,,,
Athens,Singapore,plane,16.4167,671,,,,,,,
Athens,Skopje,bus,10,78,,,,,,,
Athens,Sofia,bus,13,71,,,,,,,
Athens,Tirane,bus,8,40,,,,,,,
Athens,Washington DC,plane,15,1008,,,,,,,
Baghdad,Amman,plane,2,456,,,,,,,
Baghdad,Amman,plane,2,456,,,,,,,
Baghdad,Canberra (Use Sydney),plane,44,1166,,,,,,,
Baghdad,Kuwait,plane,6,426,,,,,,,
Baghdad,Lima,plane,48,2166,,,,,,,
Baghdad,London,plane,20,545,,,,,,,
Baghdad,Pretoria (Use Johannesburg),plane,19,782,,,,,,,
Baghdad,Riyadh,plane,8,488,,,,,,,
Baghdad,Singapore,plane,29,907,,,,,,,
Baghdad,Tehran,plane,10,601,,,,,,,
Baghdad,Washington DC,plane,36,1269,,,,,,,
Baku,Canberra (Use Sydney),plane,51,2200,,,,,,,
Baku,Lima,plane,31,1900,,,,,,,
Baku,London,plane,8.5,400,,,,,,,
Baku,Pretoria (Use Johannesburg),plane,20,1500,,,,,,,
Baku,Tehran,plane,1,152,,,,,,,
Baku,Washington DC,plane,25,901,,,,,,,
Baku,Yerevan,bus,29,68,,,,,,,
Bamako,Addis Ababa,plane,7,797,,,,,,,
Bamako,Dakar,train,9,972.4,,,,,,,
Bamako,Ouagadougou,plane,1.33,322,,,,,,,
Bandar Seri Begawan,Manila,plane,2,132,,,,,,,
Bangkok,Beijing,plane,20,327,,,,,,,
Bangkok,Kuala Lumpur,plane,2,85,,,,,,,
Bangkok,Phnom Penh,train,17,50,,,,,,,
Bangkok,Seoul,plane,16,650,,,,,,,
Bangkok,Singapore,train,48,65,,,,,,,
Bangkok,Thimphu,plane,3,400,,,,,,,
Bangkok,Vientiane,train,13,78.34,,,,,,,
Bangui,Brazzaville,plane,19.5,752,,,,,,,
Bangui,Canberra (Use Sydney),plane,60,4170,,,,,,,
Bangui,Khartoum,plane,16,1205,,,,,,,
Bangui,Lima,plane,53,2952,,,,,,,
Bangui,London,plane,33,758,,,,,,,
Bangui,N'Djamena,plane,29.5,1775,,,,,,,
Bangui,Pretoria (Use Johannesburg),plane,46,2280,,,,,,,
Bangui,Singapore,plane,47,3327,,,,,,,
Bangui,Washington DC,plane,52,1458,,,,,,,
Bangui,Yaounde,plane,12,1608,,,,,,,
Banjul,Dakar,plane,0.75,310,,,,,,,
Banjul,Freetown,plane,1.5,274,,,,,,,
Beijing,Astana,train,40,300,,,,,,,
Beijing,Astana,plane,9,420,,,,,,,
Beijing,Bangkok,plane,20,327,,,,,,,
Beijing,Bishkek,plane,10,400,,,,,,,
Beijing,Canberra (Use Sydney),plane,28,816,,,,,,,
Beijing,Dushanbe,plane,14,680,,,,,,,
Beijing,Hanoi,train,48,100,,,,,,,
Beijing,Islamabad,plane,31,1634,,,,,,,
Beijing,Kathmandu,plane,15,480,,,,,,,
Beijing,Kathmandu,train,72,1040,,,,,,,
Beijing,Lima,plane,43,1637,,,,,,,
Beijing,London,plane,14,771,,,,,,,
Beijing,Manila,plane,22,345,,,,,,,
Beijing,New Delhi,plane,21,655,,,,,,,
Beijing,P'yongyang,train,22,100,,,,,,,
Beijing,Phnom Penh,plane,17,370,,,,,,,
Beijing,Pretoria (Use Johannesburg),plane,25,800,,,,,,,
Beijing,Seoul,boat,1,135,,,,,,,
Beijing,Singapore,plane,10,306,,,,,,,
Beijing,Tashkent,plane,15.67,1727,,,,,,,
Beijing,Tokyo,plane,8,458,,,,,,,
Beijing,Vientiane,plane,7,275,,,,,,,
Beijing,Washington DC,plane,20,960,,,,,,,
Beijing,Yangon,plane,20,350,,,,,,,
Beirut,Amman,plane,2,156,,,,,,,
Belgrade,Athens,bus,16.5,70.5,,,,,,,
Belgrade,Bucuresti,train,18.53,119,,,,,,,
Belgrade,Budapest,train,8.33,86,,,,,,,
Belgrade,Canberra (Use Sydney),plane,36.25,1735,,,,,,,
Belgrade,Lima,plane,31.66,1729,,,,,,,
Belgrade,London,plane,2.92,181,,,,,,,
Belgrade,Pretoria (Use Johannesburg),plane,18.5,1072,,,,,,,
Belgrade,Sarajevo,train,9,26,,,,,,,
Belgrade,Singapore,plane,25.08,1152,,,,,,,
Belgrade,Skopje,train,59.75,225,,,,,,,
Belgrade,Skopje,train,82.7,225,,,,,,,
Belgrade,Sofia,train,9.2,119,,,,,,,
Belgrade,Tirane,bus,15,43.24,,,,,,,
Belgrade,Vienna,train,58.31,225,,,,,,,
Belgrade,Washington DC,plane,12.92,562,,,,,,,
Belgrade,Zagreb,train,6.61,70.45,,,,,,,
Belmopan,Canberra (Use Sydney),plane,51.92,3661,,,,,,,
Belmopan,Guatemala,plane,3,323,,,,,,,
Belmopan,Lima,plane,27.25,843,,,,,,,
Belmopan,London,plane,38.67,1272,,,,,,,
Belmopan,Mexico,plane,33.17,488,,,,,,,
Belmopan,Pretoria (Use Johannesburg),plane,35.75,3190,,,,,,,
Belmopan,Singapore,plane,46.5,2647,,,,,,,
Belmopan,Singapore,plane,46.5,2647,,,,,,,
Belmopan,Washington DC,plane,7.03,488,,,,,,,
Berlin,Amsterdam,train,6.35,185,,,,,,,
Berlin,Bern,train,8.27,341,,,,,,,
Berlin,Brussels,train,6.2,242,,,,,,,
Berlin,Canberra (Use Sydney),plane,41.83,1013,,,,,,,
Berlin,Copenhagen,train,6.47,221,,,,,,,
Berlin,Lima,plane,27.13,957,,,,,,,
Berlin,London,plane,1.92,174,,,,,,,
Berlin,Luxembourg,train,7.7,276,,,,,,,
Berlin,Paris,train,9.35,311,,,,,,,
Berlin,Prague,train,4.5,114,,,,,,,
Berlin,Pretoria (Use Johannesburg),plane,16.17,614,,,,,,,
Berlin,Singapore,plane,34.92,739,,,,,,,
Berlin,Sofia,plane,2.3,172,,,,,,,
Berlin,Vienna,train,9.27,286,,,,,,,
Berlin,Warsaw,train,5.47,65,,,,,,,
Berlin,Washington DC,plane,18.42,826,,,,,,,
Bern,Berlin,train,12,220,,,,,,,
Bern,Canberra (Use Sydney),plane,28.5,2050,,,,,,,
Bern,Lima,plane,36,3450,,,,,,,
Bern,London,plane,8,480,,,,,,,
Bern,Paris,train,7,200,,,,,,,
Bern,Pretoria (Use Johannesburg),plane,24.8,1790,,,,,,,
Bern,Rome,plane,1.8,460,,,,,,,
Bern,Singapore,plane,27.1,4500,,,,,,,
Bern,Vaduz,bus,2.5,260,,,,,,,
Bern,Vienna,train,10,150,,,,,,,
Bern,Washington DC,plane,14,5200,,,,,,,
Bishkek,Astana,plane,4,963,,,,,,,
Bishkek,Beijing,plane,10,400,,,,,,,
Bishkek,Tashkent,bus,12,5.22,,,,,,,
Bissau,Doha,plane,17,2693,,,,,,,
Bogota,Brasilia,plane,13,1215,,,,,,,
Bogota,Brasilia,plane,5.17,766,,,,,,,
Bogota,Canberra (Use Sydney),plane,32,2303,,,,,,,
Bogota,Canberra (Use Sydney),plane,42.32,2234,,,,,,,
Bogota,Caracas,plane,2,619,,,,,,,
Bogota,Lima,plane,2.9,593,,,,,,,
Bogota,Lima,plane,9,933,,,,,,,
Bogota,London,plane,20,2653,,,,,,,
Bogota,London,plane,29.2,1080,,,,,,,
Bogota,Panama,plane,1.57,446,,,,,,,
Bogota,Pretoria (Use Johannesburg),plane,17,1982,,,,,,,
Bogota,Pretoria (Use Johannesburg),plane,27.92,2557,,,,,,,
Bogota,Quito,plane,1.5,200,,,,,,,
Bogota,Singapore,plane,32.98,2110,,,,,,,
Bogota,Singapore,plane,29,3581,,,,,,,
Bogota,Washington DC,plane,10,696,,,,,,,
Bogota,Washington DC,plane,5.25,574,,,,,,,
Brasilia,Asuncion,bus,17,89,,,,,,,
Brasilia,Bogota,plane,5.17,766,,,,,,,
Brasilia,Bogota,plane,13,1215,,,,,,,
Brasilia,Canberra (Use Sydney),plane,52,2804,,,,,,,
Brasilia,Canberra (Use Sydney),plane,27,2831,,,,,,,
Brasilia,Caracas,bus,89,244,,,,,,,
Brasilia,Cayenne,truck,24.2,321.68,,,,,,,
Brasilia,La Paz,plane,15.5,747,,,,,,,
Brasilia,Lima,plane,9,1056,,,,,,,
Brasilia,Lima,plane,27,891,,,,,,,
Brasilia,London,plane,18,1588,,,,,,,
Brasilia,London,plane,18,2472,,,,,,,
Brasilia,Montevideo,bus,11,170,,,,,,,
Brasilia,Pretoria (Use Johannesburg),plane,30,1352,,,,,,,
Brasilia,Pretoria (Use Johannesburg),plane,13,1170,,,,,,,
Brasilia,Quito,plane,16,961,,,,,,,
Brasilia,Singapore,plane,36,2446,,,,,,,
Brasilia,Singapore,plane,42,4966,,,,,,,
Brasilia,Washington DC,plane,27,1437,,,,,,,
Brasilia,Washington DC,plane,24,1279,,,,,,,
Bratislava,Budapest,train,2.6,16.8,,,,,,,
Bratislava,Kiev,train,28,225,,,,,,,
Bratislava,Prague,train,6,32.64,,,,,,,
Bratislava,Prague,bus,4,15.67,,,,,,,
Bratislava,Warsaw,bus,13.53,61.67,,,,,,,
Brazzaville,Bangui,plane,19.5,752,,,,,,,
Bridgetown,Canberra (Use Sydney),plane,50.75,2360,,,,,,,
Bridgetown,Kingstown,boat,3.5,90,,,,,,,
Bridgetown,Lima,plane,18.33,874,,,,,,,
Bridgetown,London,plane,18.25,1300,,,,,,,
Bridgetown,Pretoria (Use Johannesburg),plane,32.25,2122,,,,,,,
Bridgetown,Singapore,plane,34.5,2300,,,,,,,
Bridgetown,Washington DC,plane,9.75,570,,,,,,,
Brussels,Amsterdam,bus,2.75,14.22,,,,,,,
Brussels,Amsterdam,train,2.78,46.56,,,,,,,
Brussels,Berlin,bus,14,63.36,,,,,,,
Brussels,Berlin,train,6.72,153.91,,,,,,,
Brussels,Canberra (Use Sydney),plane,27,937,,,,,,,
Brussels,Lima,plane,18.08,1171,,,,,,,
Brussels,London,plane,2.02,65,,,,,,,
Brussels,Luxembourg,train,2.85,48.65,,,,,,,
Brussels,Paris,train,1.42,50.46,,,,,,,
Brussels,Paris,bus,3.75,32.33,,,,,,,
Brussels,Pretoria (Use Johannesburg),plane,17.5,483,,,,,,,
Brussels,Singapore,plane,20.58,558,,,,,,,
Brussels,Washington DC,plane,10.92,779,,,,,,,
Bucuresti,Belgrade,train,22.27,225,,,,,,,
Bucuresti,Budapest,train,16.16,133,,,,,,,
Bucuresti,Canberra (Use Sydney),plane,31.92,1551,,,,,,,
Bucuresti,Chisinau ,train,9.37,225,,,,,,,
Bucuresti,Kiev,train,38.47,225,,,,,,,
Bucuresti,Lima,plane,28.25,1651,,,,,,,
Bucuresti,London,plane,3.4,164,,,,,,,
Bucuresti,Pretoria (Use Johannesburg),plane,18,1055,,,,,,,
Bucuresti,Singapore,plane,13.56,1012,,,,,,,
Bucuresti,Sofia,train,10.22,225,,,,,,,
Bucuresti,Washington DC,plane,13.16,848,,,,,,,
Budapest,Belgrade,train,8.33,86,,,,,,,
Budapest,Bratislava,train,3,22,,,,,,,
Budapest,Bucuresti,train,14,38,,,,,,,
Budapest,Canberra (Use Sydney),plane,27,1100,,,,,,,
Budapest,Georgetown,plane,35,3114,,,,,,,
Budapest,Kiev,train,25.25,110,,,,,,,
Budapest,Lima,plane,20,1800,,,,,,,
Budapest,London,plane,3,250,,,,,,,
Budapest,Prague,train,7,25,,,,,,,
Budapest,Pretoria (Use Johannesburg),plane,17,1000,,,,,,,
Budapest,Singapore,plane,17,1000,,,,,,,
Budapest,Vienna,train,4,20,,,,,,,
Budapest,Warsaw,train,11,38,,,,,,,
Budapest,Washington DC,plane,17,1700,,,,,,,
Budapest,Zagreb,train,6.5,62,,,,,,,
Buenos Aires,Asuncion,bus,17,82,,,,,,,
Buenos Aires,La Paz,bus,36,78,,,,,,,
Buenos Aires,Montevideo,bus,8,370,,,,,,,
Buenos Aires,Santiago,plane,2.2,150,,,,,,,
Bujumbura,Canberra (Use Sydney),plane,32.17,2567,,,,,,,
Bujumbura,Kigali,bus,6,7.34,,,,,,,
Bujumbura,Kinshasa,plane,10.08,907,,,,,,,
Bujumbura,Lima,plane,46.58,1897,,,,,,,
Bujumbura,London,plane,19.67,1186,,,,,,,
Bujumbura,Pretoria (Use Johannesburg),plane,3.33,395,,,,,,,
Bujumbura,Singapore,plane,32.33,1567,,,,,,,
Bujumbura,Washington DC,plane,29.08,1558,,,,,,,
Cairo,Abuja,plane,16,971,,,,,,,
Cairo,Addis Ababa,plane,3,221,,,,,,,
Cairo,Amman,bus,20,42.37,,,,,,,
Cairo,Ankara,plane,5,470,,,,,,,
Cairo,Canberra (Use Sydney),plane,18.55,846,,,,,,,
Cairo,Jerusalem,bus,13,145,, listed on bus owner's site. ",,,,,
Cairo,Khartoum,train,48,198.9,,,,,,,
Cairo,Lima,plane,10.35,914,,,,,,,
Cairo,London,plane,8,286,,,,,,,
Cairo,Rome,plane,3.2,334,,,,,,,
Cairo,Singapore,plane,14.25,425,,,,,,,
Cairo,Sofia,plane,5,463,,,,,,,
Cairo,Tripoli,plane,3.75,1266,,,,,,,
Cairo,Washington DC,plane,21.05,470,,,,,,,
Canberra (Use Sydney),Abu Dhabi,plane,24,1339,,,,,,,
Canberra (Use Sydney),Amsterdam,plane,21.3,804,,,,,,,
Canberra (Use Sydney),Asmara,plane,44,3284,,,,,,,
Canberra (Use Sydney),Asuncion,plane,57,2129,,,,,,,
Canberra (Use Sydney),Athens,plane,21.83,870,,,,,,,
Canberra (Use Sydney),Baghdad,plane,44,1166,,,,,,,
Canberra (Use Sydney),Baku,plane,51,2200,,,,,,,
Canberra (Use Sydney),Bangui,plane,60,4170,,,,,,,
Canberra (Use Sydney),Beijing,plane,28,816,,,,,,,
Canberra (Use Sydney),Belgrade,plane,36.25,1735,,,,,,,
Canberra (Use Sydney),Belmopan,plane,51.92,3661,,,,,,,
Canberra (Use Sydney),Berlin,plane,41.83,1013,,,,,,,
Canberra (Use Sydney),Bern,plane,28.5,2050,,,,,,,
Canberra (Use Sydney),Bogota,plane,42.32,2234,,,,,,,
Canberra (Use Sydney),Bogota,plane,32,2303,,,,,,,
Canberra (Use Sydney),Brasilia,plane,27,2831,,,,,,,
Canberra (Use Sydney),Brasilia,plane,52,2804,,,,,,,
Canberra (Use Sydney),Bridgetown,plane,50.75,2360,,,,,,,
Canberra (Use Sydney),Brussels,plane,27,937,,,,,,,
Canberra (Use Sydney),Bucuresti,plane,31.92,1551,,,,,,,
Canberra (Use Sydney),Budapest,plane,27,1100,,,,,,,
Canberra (Use Sydney),Bujumbura,plane,32.17,2567,,,,,,,
Canberra (Use Sydney),Cairo,plane,18.55,846,,,,,,,
Canberra (Use Sydney),Caracas,plane,32,2365,,,,,,,
Canberra (Use Sydney),Chisinau ,plane,32.5,1169,,,,,,,
Canberra (Use Sydney),Dili,plane,11.5,2170,,,,,,,
Canberra (Use Sydney),Doha,plane,17,850,,,,,,,
Canberra (Use Sydney),Dushanbe,plane,38,1737,,,,,,,
Canberra (Use Sydney),George Town,plane,40,4000,,,,,,,
Canberra (Use Sydney),Georgetown,plane,35,2409,,,,,,,
Canberra (Use Sydney),Havana,plane,45.3,79.5,,,,,,,
Canberra (Use Sydney),Helsinki,plane,27,1300,,,,,,,
Canberra (Use Sydney),Islamabad,plane,21,881,,,,,,,
Canberra (Use Sydney),Jerusalem,plane,27.25,1667,,,,,,,
Canberra (Use Sydney),Kiev,plane,28.5,1465,,,,,,,
Canberra (Use Sydney),Kigali,plane,37.83,1916,,,,,,,
Canberra (Use Sydney),Kingston,plane,25,1874,,,,,,,
Canberra (Use Sydney),Kinshasa,plane,35,1528,,,,,,,
Canberra (Use Sydney),Koror,plane,17,3935,,,,,,,
Canberra (Use Sydney),Kuala Lumpur,plane,8,250,,,,,,,
Canberra (Use Sydney),Kuala Lumpur,plane,8,212,,,,,,,
Canberra (Use Sydney),La Paz,plane,25.17,3920,,,,,,,
Canberra (Use Sydney),Libreville,plane,35.45,2116,,,,,,,
Canberra (Use Sydney),Lilongwe,plane,36,1526,,,,,,,
Canberra (Use Sydney),Lima,plane,43,2434,,,,,,,
Canberra (Use Sydney),Lisbon,plane,26.25,656,,,,,,,
Canberra (Use Sydney),London,plane,26,2274,,,,,,,
Canberra (Use Sydney),Luxembourg,plane,33,937,,,,,,,
Canberra (Use Sydney),Madrid,plane,28,1766,,,,,,,
Canberra (Use Sydney),Madrid,plane,29.25,982,,,,,,,
Canberra (Use Sydney),Malabo,plane,33.5,1730,,,,,,,
Canberra (Use Sydney),Male,plane,18,700,,,,,,,
Canberra (Use Sydney),Male,plane,16,691,,,,,,,
Canberra (Use Sydney),Manama,plane,17,1000,,,,,,,
Canberra (Use Sydney),Manila,plane,8,700,,,,,,,
Canberra (Use Sydney),Maseru,plane,30,1211,,,,,,,
Canberra (Use Sydney),Mbabane,plane,20,1500,,,,,,,
Canberra (Use Sydney),Montevideo,plane,30,4282,,,,,,,
Canberra (Use Sydney),N'Djamena,plane,56,1752,,,,,,,
Canberra (Use Sydney),Nassau,plane,40,1650,,,,,,,
Canberra (Use Sydney),New Delhi,plane,21,1931,,,,,,,
Canberra (Use Sydney),Noumea,plane,3,260,,,,,,,
Canberra (Use Sydney),Noumea,plane,3,252,,,,,,,
Canberra (Use Sydney),Nuku'alofa,plane,7.5,543,,,,,,,
Canberra (Use Sydney),Nuuk,plane,31.4,2710,,,,,,,
Canberra (Use Sydney),Oranjestad,plane,43,1871,,,,,,,
Canberra (Use Sydney),Oslo,plane,33.25,1315,,,,,,,
Canberra (Use Sydney),Ottawa,plane,1076,33.3,,,,,,,
Canberra (Use Sydney),P'yongyang,plane,25,2000,,,,,,,
Canberra (Use Sydney),P'yongyang,plane,38,1500,,,,,,,
Canberra (Use Sydney),Panama,plane,27,1943,,,,,,,
Canberra (Use Sydney),Papeete,plane,29,1767.1,,,,,,,
Canberra (Use Sydney),Paramaribo,plane,39,2424,,,,,,,
Canberra (Use Sydney),Paris,plane,28,762,,,,,,,
Canberra (Use Sydney),Phnom Penh,plane,34,1147,,,,,,,
Canberra (Use Sydney),Port Moresby,plane,44.25,840,,,,,,,
Canberra (Use Sydney),Port-Vila,plane,6.5,1005,,,,,,,
Canberra (Use Sydney),Prague,plane,22,744,,,,,,,
Canberra (Use Sydney),Praia,plane,33,5385.6,,,,,,,
Canberra (Use Sydney),Pretoria (Use Johannesburg),plane,15.5,1854,,,,,,,
Canberra (Use Sydney),Quito,plane,30,3164,,,,,,,
Canberra (Use Sydney),Quito,plane,33,1270.5,,,,,,,
Canberra (Use Sydney),Reykjavik,plane,36.9,1068,,,,,,,
Canberra (Use Sydney),Riga,plane,32,2200,,,,,,,
Canberra (Use Sydney),Road Town,plane,50,2100,,,,,,,
Canberra (Use Sydney),Saint-Pierre,plane,40,2000,,,,,,,
Canberra (Use Sydney),San Marino,plane,27,1000,,,,,,,
Canberra (Use Sydney),San Salvador,plane,38,2261,,,,,,,
Canberra (Use Sydney),Santiago,plane,18.2,1650,,,,,,,
Canberra (Use Sydney),Sarajevo,plane,30,1976,,,,,,,
Canberra (Use Sydney),Seoul,plane,30,600,,,,,,,
Canberra (Use Sydney),Singapore,plane,12,634,,,,,,,
Canberra (Use Sydney),St. Peter Port,plane,37,945,,,,,,,
Canberra (Use Sydney),Stockholm,plane,26.167,848,,,,,,,
Canberra (Use Sydney),Suva,plane,19,877.64,,,,,,,
Canberra (Use Sydney),Tallinn,plane,27.5,1057,,,,,,,
Canberra (Use Sydney),Tokyo,plane,20,656,,,,,,,
Canberra (Use Sydney),Torshavn,plane,31,2535,,,,,,,
Canberra (Use Sydney),Tunis,plane,20,1200,,,,,,,
Canberra (Use Sydney),Valletta,plane,20,1862,,,,,,,
Canberra (Use Sydney),Vientiane,plane,20,687,,,,,,,
Canberra (Use Sydney),Vientiane,plane,35,700,,,,,,,
Canberra (Use Sydney),Vilnius,plane,30.5,1690,,,,,,,
Canberra (Use Sydney),W. Indies,plane,50.33,1703,,,,,,,
Canberra (Use Sydney),Warsaw,plane,23.33,824,,,,,,,
Canberra (Use Sydney),Washington DC,plane,26,1604,,,,,,,
Canberra (Use Sydney),Wellington,plane,3.5,538,,,,,,,
Canberra (Use Sydney),Willemstad,plane,40,1952,,,,,,,
Canberra (Use Sydney),Yaounde,plane,46.25,2082,,,,,,,
Canberra (Use Sydney),Zagreb,plane,30,1760,,,,,,,
Caracas,Bogota,plane,2,708,,,,,,,
Caracas,Bogota,bus,47,173,,,,,,,
Caracas,Brasilia,bus,89,244,,,,,,,
Caracas,Canberra (Use Sydney),plane,32,2365,,,,,,,
Caracas,Lima,plane,8,906,,,,,,,
Caracas,Lisbon,plane,11,1238,,,,,,,
Caracas,London,plane,12,1238,,,,,,,
Caracas,Pretoria (Use Johannesburg),plane,41,2617,,,,,,,
Caracas,Singapore,plane,51,2531,,,,,,,
Caracas,Washington DC,plane,8,1209,,,,,,,
Cayenne,Brasilia,truck,24.2,321.68,,,,,,,
Cayenne,Paramaribo,plane,3.08,200,,,,,,,
Charlotte Amalie,Road Town,boat,0.83333,35,,,,,,,
Chisinau ,Bucuresti,bus,8,20.89,,,,,,,
Chisinau ,Bucuresti,train,12.5,32.64,,,,,,,
Chisinau ,Canberra (Use Sydney),plane,32.5,1169,,,,,,,
Chisinau ,Kiev,bus,10,22.19,,,,,,,
Chisinau ,Kiev,train,14.5,58.75,,,,,,,
Chisinau ,Lima,plane,59.5,2075,,,,,,,
Chisinau ,London,plane,9,228,,,,,,,
Chisinau ,Pretoria (Use Johannesburg),plane,33.5,780,,,,,,,
Chisinau ,Singapore,plane,19.5,569,,,,,,,
Chisinau ,Washington DC,plane,22,696,,,,,,,
Conakry,Libreville,plane,33,934,,,,,,,
Conakry,London,plane,9,849,,,,,,,
Conakry,Monrovia,plane,19.5,627,,,,,,,
Conakry,Washington DC,plane,72,1900,,,,,,,
Conakry,Yamoussoukro,bus,48,35,,,,,,,
Copenhagen,Berlin,train,6.47,221,,,,,,,
Copenhagen,Reykjavik,plane,3.17,467,,,,,,,
Copenhagen,Stockholm,train,5.183,236,,,,,,,
Copenhagen,Torshavn,boat,11,205,,,,,,,
Copenhagen,Washington DC,plane,13.28,948.22,,,,,,,
Dakar,Bamako,train,9,972.4,,,,,,,
Dakar,Banjul,plane,0.75,310,,,,,,,
Damascus,Amman,bus,5,11,,,,,,,
Dhaka,New Delhi,plane,6,248,,,,,,,
Dhaka,Thimphu,plane,2,250,,,,,,,
Dhaka,Yangon,plane,5,769,,,,,,,
Dili,Canberra (Use Sydney),plane,11.5,2170,,,,,,,
Dili,Jakarta,bus,13,18,,,,,,,
Dili,Lima,plane,38.75,6811,,,,,,,
Dili,London,plane,50,2741,,,,,,,
Dili,Pretoria (Use Johannesburg),plane,43,4500,,,,,,,
Dili,Singapore,plane,4,930,,,,,,,
Dili,Washington DC,plane,35.67,7875,,,,,,,
Djibouti,Addis Ababa,plane,1.87,230.5,,,,,,,
Djibouti,Addis Ababa,plane,1.25,536,,,,,,,
Djibouti,Asmara,plane,29,629,,,,,,,
Djibouti,Mogadishu,plane,18.5,536,,,,,,,
Dodoma,Lilongwe,plane,12,453,,,,,,,
Dodoma,Nairobi,plane,1.2,195,,,,,,,
Doha,Bissau,plane,17,2693,,,,,,,
Doha,Canberra (Use Sydney),plane,17,850,,,,,,,
Doha,Riyadh,plane,1.5,352,,,,,,,
Dublin,Rome,plane,3.3,172,,,,,,,
Dublin,Tripoli,plane,21,688,,,,,,,
Dushanbe,Beijing,plane,14,680,,,,,,,
Dushanbe,Canberra (Use Sydney),plane,38,1737,,,,,,,
Dushanbe,London,plane,19,1191,,,,,,,
Dushanbe,Pretoria (Use Johannesburg),plane,31,1900,,,,,,,
Dushanbe,Singapore,plane,32,1326,,,,,,,
Dushanbe,Washington DC,plane,21,2024,,,,,,,
Fort-de-France,Roseau,plane,4,557,,,,,,,
Freetown,Accra,plane,3,591,,,,,,,
Freetown,Banjul,plane,1.5,347,,,,,,,
Freetown,Monrovia,plane,1.08333,185,,,,,,,
Funafuti,Canberra (Use Sydney),plane,7.5,660,,,,,,,
Funafuti,Lima,plane,42,2700,,,,,,,
Funafuti,London,plane,40,2200,,,,,,,
Funafuti,Pretoria (Use Johannesburg),plane,35,2100,,,,,,,
Funafuti,Singapore,plane,21,1050,,,,,,,
Funafuti,Suva,boat,96,73,,,,,,,
Funafuti,Washington DC,plane,62,2100,,,,,,,
Gaborone,Harare,bus,23.5,83.09,,,,,,,
Gaborone,Lusaka,bus,29.5,113.3,,,,,,,
Gaborone,Pretoria (Use Johannesburg),bus,6.5,31.29,,,,,,,
Gaborone,Windhoek,bus,29.5,147,,,,,,,
George Town,Canberra (Use Sydney),plane,40,4000,,,,,,,
George Town,Lima,plane,16,1000,,,,,,,
George Town,London,plane,27,1300,,,,,,,
George Town,Pretoria (Use Johannesburg),plane,42,2100,,,,,,,
George Town,Singapore,plane,34,2900,,,,,,,
George Town,Washington DC,plane,7,400,,,,,,,
Georgetown,Budapest,plane,35,3114,,,,,,,
Georgetown,Canberra (Use Sydney),plane,35,2409,,,,,,,
Georgetown,Lima,plane,19,743,,,,,,,
Georgetown,Lisbon,plane,23,1013,,,,,,,
Georgetown,London,plane,38,1114,,,,,,,
Georgetown,Paramaribo,bus,4,37,,,,,,,
Georgetown,Pretoria (Use Johannesburg),plane,42,3350,,,,,,,
Georgetown,Singapore,plane,35,1661,,,,,,,
Georgetown,Washington DC,plane,11,556,,,,,,,
Guatemala,Belmopan,plane,3,323,,,,,,,
Guatemala,Mexico,plane,2.3,484,,,,,,,
Guatemala,Mexico,plane,2,403,,,,,,,
Guatemala,Panama,plane,2.3,585,,,,,,,
Guatemala,San Salvador,bus,5,22,,,,,,,
Guatemala,Tegucigalpa,plane,1,296,,,,,,,
Hanoi,Beijing,train,48,100,,,,,,,
Hanoi,Manila,plane,19,312,,,,,,,
Hanoi,Phnom Penh,train,33,110,,,,,,,
Hanoi,Phnom Penh,plane,3.25,511,,,,,,,
Hanoi,Vientiane,bus,24,30,,,,,,,
Hanoi,Washington DC,plane,29,1651.69,,,,,,,
Harare,Gaborone,bus,23.5,83.09,,,,,,,
Harare,Lusaka,train,11.5,13.5,,,,,,,
Harare,Lusaka,plane,0.92,331,,,,,,,
Harare,Maputo,plane,2.6,375,,,,,,,
Harare,Pretoria (Use Johannesburg),plane,2,450,,,,,,,
Havana,Canberra (Use Sydney),plane,45.3,79.5,,,,,,,
Havana,London,plane,13,1836.5,,,,,,,
Havana,Nassau,plane,1.25,240,,,,,,,
Havana,Pretoria (Use Johannesburg),plane,22.5,1748.5,,,,,,,
Havana,Singapore,plane,34.5,1363,,,,,,,
Helsinki,Canberra (Use Sydney),plane,27,1300,,,,,,,
Helsinki,Lima,plane,21,1400,,,,,,,
Helsinki,London,plane,3,200,,,,,,,
Helsinki,Moskva,train,15,140,,,,,,,
Helsinki,Oslo,plane,2,150,,,,,,,
Helsinki,Pretoria (Use Johannesburg),plane,20,1500,,,,,,,
Helsinki,Reykjavik,plane,3.42,547,,,,,,,
Helsinki,Singapore,plane,22,1200,,,,,,,
Helsinki,Stockholm,boat,16,50,,,,,,,
Helsinki,Tallinn,boat,2,36,,,,,,,
Helsinki,Washington DC,plane,13,1500,,,,,,,
Honiara,Port-Vila,plane,22,3000,,,,,,,
Islamabad,Beijing,plane,31,1634,,,,,,,
Islamabad,Canberra (Use Sydney),plane,21,881,,,,,,,
Islamabad,Kabul,plane,17,1030,,,,,,,
Islamabad,Lima,plane,46,2601,,,,,,,
Islamabad,Lima,plane,32,2122,,,,,,,
Islamabad,London,plane,15,533,,,,,,,
Islamabad,New Delhi,plane,22,1386,,,,,,,
Islamabad,Pretoria (Use Johannesburg),plane,16,600,,,,,,,
Islamabad,Singapore,plane,22,10677,,,,,,,
Islamabad,Tehran,plane,8,860,,,,,,,
Islamabad,Washington DC,plane,27,951,,,,,,,
Jakarta,Dili,bus,13,18,,,,,,,
Jakarta,Kuala Lumpur,plane,2,69,,,,,,,
Jakarta,Port Moresby,plane,9.5,1200,,,,,,,
Jerusalem,Amman,plane,0.75,359,,,,,,,
Jerusalem,Cairo,bus,13,145,, listed on bus owner's site. ",,,,,
Jerusalem,Canberra (Use Sydney),plane,27.25,1667,,,,,,,
Jerusalem,Lima,plane,26.83,1221,,,,,,,
Jerusalem,London,plane,8.17,275,,,,,,,
Jerusalem,Pretoria (Use Johannesburg),plane,13.33,862,,,,,,,
Jerusalem,Singapore,plane,14,1122,,,,,,,
Jerusalem,Washington DC,plane,14.5,1691,,,,,,,
Kabul,Algiers,plane,22,1210,,,,,,,
Kabul,Ashgabat,plane,10,466,,,,,,,
Kabul,Astana,plane,19,196,,,,,,,
Kabul,Islamabad,plane,17,1030,,,,,,,
Kabul,T'bilisi,bus,18,37,,,,,,,
Kabul,Tehran,plane,11,449,,,,,,,
Kampala,Kigali,bus,17,11.58,,,,,,,
Kampala,Nairobi,bus,13,17.37,,,,,,,
Kathmandu,Beijing,train,72,1040,,,,,,,
Kathmandu,Beijing,plane,15,480,,,,,,,
Kathmandu,New Delhi,bus,36,35,,,,,,,
Kathmandu,Thimphu,plane,1.5,250,,,,,,,
Khartoum,Bangui,plane,16,1205,,,,,,,
Khartoum,Cairo,train,48,198.9,,,,,,,
Khartoum,London,plane,28,556,,,,,,,
Khartoum,N'Djamena,plane,3,70,,,,,,,
Khartoum,Washington DC,plane,54,1023,,,,,,,
Kiev,Bratislava,train,28,225,,,,,,,
Kiev,Bucuresti,train,35.37,225,,,,,,,
Kiev,Budapest,train,25.25,110,,,,,,,
Kiev,Canberra (Use Sydney),plane,28.5,1465,,,,,,,
Kiev,Chisinau ,train,66,225,,,,,,,
Kiev,Lima,plane,33.83,1738,,,,,,,
Kiev,London,plane,3.5,218,,,,,,,
Kiev,Minsk,train,50.5,225,,,,,,,
Kiev,Moskva,train,58.87,225,,,,,,,
Kiev,Pretoria (Use Johannesburg),plane,30.66,948,,,,,,,
Kiev,Singapore,plane,19.25,969,,,,,,,
Kiev,Warsaw,train,33.25,225,,,,,,,
Kiev,Washington DC,plane,23.25,622,,,,,,,
Kigali,Bujumbura,bus,6,7.34,,,,,,,
Kigali,Canberra (Use Sydney),plane,37.83,1916,,,,,,,
Kigali,Kampala,bus,6,8.16,,,,,,,
Kigali,Kinshasa,bus,2,35,,,,,,,
Kigali,Kinshasa,plane,8.58,694,,,,,,,
Kigali,Lima,plane,28.83,2832,,,,,,,
Kigali,London,plane,32.17,996,,,,,,,
Kigali,Nairobi,plane,1,500,,,,,,,
Kigali,Pretoria (Use Johannesburg),plane,4,417,,,,,,,
Kigali,Singapore,plane,22.5,1247,,,,,,,
Kigali,Singapore,plane,22.5,1247,,,,,,,
Kigali,Washington DC,plane,31.08,1021,,,,,,,
Kigali,Yaounde,plane,8.5,664,,,,,,,
Kingston,Canberra (Use Sydney),plane,25,1874,,,,,,,
Kingston,Lima,plane,18,1200,,,,,,,
Kingston,London,plane,11,1099,,,,,,,
Kingston,Pretoria (Use Johannesburg),plane,25,1914,,,,,,,
Kingston,Singapore,plane,26,1347,,,,,,,
Kingston,Washington DC,plane,11,554,,,,,,,
Kingstown,Bridgetown,boat,3.5,90,,,,,,,
Kinshasa,Bujumbura,plane,10.08,907,,,,,,,
Kinshasa,Canberra (Use Sydney),plane,35,1528,,,,,,,
Kinshasa,Kigali,plane,8.58,694,,,,,,,
Kinshasa,Kigali,bus,2,35,,,,,,,
Kinshasa,Lima,plane,26,4154,,,,,,,
Kinshasa,London,plane,19.5,781,,,,,,,
Kinshasa,Pretoria (Use Johannesburg),plane,24,442,,,,,,,
Kinshasa,Singapore,plane,35,1059,,,,,,,
Kinshasa,Washington DC,plane,25,1209,,,,,,,
Koror,Canberra (Use Sydney),plane,17,3935,,,,,,,
Koror,Lima,plane,32,2900,,,,,,,
Koror,London,plane,36,2000,,,,,,,
Koror,Pretoria (Use Johannesburg),plane,38,2000,,,,,,,
Koror,Singapore,plane,16,1152,,,,,,,
Koror,Washington DC,plane,20,1500,,,,,,,
Kuala Lumpur,Bangkok,plane,2,85,,,,,,,
Kuala Lumpur,Canberra (Use Sydney),plane,8,250,,,,,,,
Kuala Lumpur,Canberra (Use Sydney),plane,8,212,,,,,,,
Kuala Lumpur,Jakarta,plane,2,69,,,,,,,
Kuala Lumpur,Lima,plane,32,1770,,,,,,,
Kuala Lumpur,London,plane,13.17,575,,,,,,,
Kuala Lumpur,Pretoria (Use Johannesburg),plane,16.67,846,,,,,,,
Kuala Lumpur,Singapore,train,7,10,,,,,,,
Kuala Lumpur,Washington DC,plane,20,1000,,,,,,,
Kuala Lumpur,Washington DC,plane,26.5,877,,,,,,,
Kuala Lumpur,Washington DC,plane,20,1000,,,,,,,
Kuwait,Baghdad,plane,6,426,,,,,,,
Kuwait,Tunis,plane,10,461,,,,,,,
La Paz,Asuncion,bus,40,80,,,,,,,
La Paz,Brasilia,plane,15.5,747,,,,,,,
La Paz,Buenos Aires,bus,36,78,,,,,,,
La Paz,Canberra (Use Sydney),plane,25.17,3920,,,,,,,
La Paz,Lima,bus,27,94,,,,,,,
La Paz,Lima,plane,2.03,299,,,,,,,
La Paz,London,plane,19.58,2234,,,,,,,
La Paz,Pretoria (Use Johannesburg),plane,37.83,2078,,,,,,,
La Paz,Santiago,bus,36,82,,,,,,,
La Paz,Singapore,plane,43.33,2566,,,,,,,
La Paz,Washington DC,plane,3.67,875.2,,,,,,,
Libreville,Canberra (Use Sydney),plane,35.45,2116,,,,,,,
Libreville,Conakry,plane,33,934,,,,,,,
Libreville,Lima,plane,25.2,3844,,,,,,,
Libreville,London,plane,14.3,3025,,,,,,,
Libreville,Singapore,plane,22.4,1233,,,,,,,
Lilongwe,Canberra (Use Sydney),plane,36,1526,,,,,,,
Lilongwe,Dodoma,plane,12,453,,,,,,,
Lilongwe,Lima,plane,39,2555,,,,,,,
Lilongwe,London,plane,21,707,,,,,,,
Lilongwe,Lusaka,bus,12,34,,,,,,,
Lilongwe,Maputo,plane,21.5,702,,,,,,,
Lilongwe,Pretoria (Use Johannesburg),plane,13,691,,,,,,,
Lilongwe,Singapore,plane,39,901,,,,,,,
Lilongwe,Washington DC,plane,25,1207,,,,,,,
Lima,Abu Dhabi,plane,30,1967,,,,,,,
Lima,Amsterdam,plane,30.7,1640,,,,,,,
Lima,Ashgabat,plane,57,1824,,,,,,,
Lima,Asmara,plane,33,2372,,,,,,,
Lima,Athens,plane,29.4167,1282,,,,,,,
Lima,Baghdad,plane,48,2166,,,,,,,
Lima,Baku,plane,31,1900,,,,,,,
Lima,Bangui,plane,53,2952,,,,,,,
Lima,Beijing,plane,43,1637,,,,,,,
Lima,Belgrade,plane,31.66,1729,,,,,,,
Lima,Belmopan,plane,27.25,843,,,,,,,
Lima,Berlin,plane,27.13,957,,,,,,,
Lima,Bern,plane,36,3450,,,,,,,
Lima,Bogota,plane,2.9,593,,,,,,,
Lima,Bogota,plane,9,933,,,,,,,
Lima,Brasilia,plane,8,1190,,,,,,,
Lima,Bridgetown,plane,18.33,874,,,,,,,
Lima,Brussels,plane,18.08,1171,,,,,,,
Lima,Bucuresti,plane,28.25,1651,,,,,,,
Lima,Budapest,plane,20,1800,,,,,,,
Lima,Bujumbura,plane,46.58,1897,,,,,,,
Lima,Cairo,plane,10.35,914,,,,,,,
Lima,Canberra (Use Sydney),plane,43,2434,,,,,,,
Lima,Caracas,plane,8,906,,,,,,,
Lima,Chisinau ,plane,59.5,2075,,,,,,,
Lima,Dili,plane,38.75,6811,,,,,,,
Lima,Funafuti,plane,42,2700,,,,,,,
Lima,George Town,plane,16,1000,,,,,,,
Lima,Georgetown,plane,19,743,,,,,,,
Lima,Helsinki,plane,21,1400,,,,,,,
Lima,Islamabad,plane,32,2122,,,,,,,
Lima,Islamabad,plane,46,2601,,,,,,,
Lima,Jerusalem,plane,26.83,1221,,,,,,,
Lima,Kiev,plane,33.83,1738,,,,,,,
Lima,Kigali,plane,28.83,2832,,,,,,,
Lima,Kingston,plane,18,1200,,,,,,,
Lima,Kinshasa,plane,26,4154,,,,,,,
Lima,Koror,plane,32,2900,,,,,,,
Lima,Kuala Lumpur,plane,32,1770,,,,,,,
Lima,La Paz,bus,27,94,,,,,,,
Lima,La Paz,plane,2.03,299,,,,,,,
Lima,Libreville,plane,25.2,3844,,,,,,,
Lima,Lilongwe,plane,39,2555,,,,,,,
Lima,Lisbon,plane,24,1337,,,,,,,
Lima,Luxembourg,plane,26,1261,,,,,,,
Lima,Madrid,plane,31.25,782,,,,,,,
Lima,Madrid,plane,22,1193,,,,,,,
Lima,Malabo,plane,21.25,2689,,,,,,,
Lima,Male,plane,45,2300,,,,,,,
Lima,Male,plane,41,1887,,,,,,,
Lima,Manama,plane,28,1350,,,,,,,
Lima,Maseru,plane,37,2643,,,,,,,
Lima,Mbabane,plane,22,2700,,,,,,,
Lima,Mbabane,plane,23,1200,,,,,,,
Lima,Montevideo,plane,11,965,,,,,,,
Lima,N'Djamena,plane,33,4351,,,,,,,
Lima,Nassau,plane,13.5,850,,,,,,,
Lima,New Delhi,plane,25,2192,,,,,,,
Lima,Noumea,plane,68,4042,,,,,,,
Lima,Noumea,plane,68,4000,,,,,,,
Lima,Nuku'alofa,plane,33,3607,,,,,,,
Lima,Nuuk,plane,33.25,4321,,,,,,,
Lima,Oranjestad,plane,7,704,,,,,,,
Lima,Oslo,plane,19.83,1525,,,,,,,
Lima,Ottawa,plane,34.1,967,,,,,,,
Lima,Ouagadougou,plane,51,2137,,,,,,,
Lima,P'yongyang,plane,32,3700,,,,,,,
Lima,P'yongyang,plane,31,2700,,,,,,,
Lima,Panama,plane,8,429,,,,,,,
Lima,Papeete,plane,34,4480.06,,,,,,,
Lima,Paramaribo,plane,17,1065,,,,,,,
Lima,Paris,plane,35,884,,,,,,,
Lima,Phnom Penh,plane,40,3283,,,,,,,
Lima,Port Moresby,plane,49.33,7063,,,,,,,
Lima,Port-Vila,plane,41,6636,,,,,,,
Lima,Prague,plane,27,1592,,,,,,,
Lima,Praia,plane,49,6938.78,,,,,,,
Lima,Reykjavik,plane,2773,24.3,,,,,,,
Lima,Riga,plane,30,3200,,,,,,,
Lima,Road Town,plane,20,800,,,,,,,
Lima,Roseau,plane,15,777,,,,,,,
Lima,Roseau,plane,15,777,,,,,,,
Lima,Saint-Pierre,plane,30,1200,,,,,,,
Lima,San Marino,plane,22,1900,,,,,,,
Lima,San Salvador,plane,7,1053,,,,,,,
Lima,Santiago,plane,3.5,200,,,,,,,
Lima,Seoul,plane,28,1700,,,,,,,
Lima,Singapore,plane,29,2100,,,,,,,
Lima,St. Peter Port,plane,30,2406,,,,,,,
Lima,Tallinn,plane,18.5,2350,,,,,,,
Lima,Tehran,plane,26,1328,,,,,,,
Lima,Tokyo,plane,27,1800,,,,,,,
Lima,Torshavn,plane,29,5493,,,,,,,
Lima,Tunis,plane,16.5,1800,,,,,,,
Lima,Valletta,plane,19,2691,,,,,,,
Lima,Vientiane,plane,34,1742,,,,,,,
Lima,Vientiane,plane,45,3000,,,,,,,
Lima,Vilnius,plane,26.5,2500,,,,,,,
Lima,W. Indies,plane,27.5,813,,,,,,,
Lima,Warsaw,plane,54,1159,,,,,,,
Lima,Washington DC,plane,10,900,,,,,,,
Lima,Wellington,plane,21,2400,,,,,,,
Lima,Willemstad,plane,8,709,,,,,,,
Lima,Yaounde,plane,60.05,6231,,,,,,,
Lima,Zagreb,plane,26,1769,,,,,,,
Lisbon,Canberra (Use Sydney),plane,26.25,656,,,,,,,
Lisbon,Caracas,plane,11,1238,,,,,,,
Lisbon,Georgetown,plane,23,1013,,,,,,,
Lisbon,Lima,plane,24,1337,,,,,,,
Lisbon,London,plane,2.5,60,,,,,,,
Lisbon,Madrid,bus,8,55.49,,,,,,,
Lisbon,Madrid,train,11,89,,,,,,,
Lisbon,Paramaribo,plane,21,2467,,,,,,,
Lisbon,Pretoria (Use Johannesburg),plane,32,554,,,,,,,
Lisbon,Rome,plane,3,291,,,,,,,
Lisbon,Singapore,plane,32.5,535,,,,,,,
Lisbon,Washington DC,plane,41.5,799,,,,,,,
Ljubljana,Zagreb,train,2.2,28.73,,,,,,,
Lome,Accra,plane,0.75,250,,,,,,,
Lome,Ouagadougou,plane,1.5,287,,,,,,,
Lome,Porto-Novo,plane,1,223,,,,,,,
London,Abu Dhabi,plane,10,666,,,,,,,
London,Amsterdam,plane,1,60,,,,,,,
London,Ashgabat,plane,15,307,,,,,,,
London,Asmara,plane,13,1168,,,,,,,
London,Asuncion,plane,23,1377,,,,,,,
London,Athens,plane,4,227,,,,,,,
London,Baghdad,plane,20,545,,,,,,,
London,Baku,plane,8.5,400,,,,,,,
London,Bangui,plane,33,758,,,,,,,
London,Beijing,plane,14,771,,,,,,,
London,Belgrade,plane,2.92,181,,,,,,,
London,Belmopan,plane,38.67,1272,,,,,,,
London,Berlin,plane,1.92,174,,,,,,,
London,Bern,plane,8,480,,,,,,,
London,Bogota,plane,29.2,1080,,,,,,,
London,Bogota,plane,20,2653,,,,,,,
London,Brasilia,plane,18,2472,,,,,,,
London,Brasilia,plane,18,1588,,,,,,,
London,Bridgetown,plane,18.25,1300,,,,,,,
London,Brussels,plane,2.02,65,,,,,,,
London,Bucuresti,plane,3.4,164,,,,,,,
London,Budapest,plane,3,250,,,,,,,
London,Bujumbura,plane,19.67,1186,,,,,,,
London,Cairo,plane,8,286,,,,,,,
London,Canberra (Use Sydney),plane,26,2274,,,,,,,
London,Caracas,plane,12,1238,,,,,,,
London,Chisinau ,plane,9,228,,,,,,,
London,Conakry,plane,9,849,,,,,,,
London,Dili,plane,50,2741,,,,,,,
London,Dushanbe,plane,19,1191,,,,,,,
London,Funafuti,plane,40,2200,,,,,,,
London,George Town,plane,27,1300,,,,,,,
London,Georgetown,plane,38,1114,,,,,,,
London,Havana,plane,13,1836.5,,,,,,,
London,Helsinki,plane,3,200,,,,,,,
London,Islamabad,plane,15,533,,,,,,,
London,Jerusalem,plane,8.17,275,,,,,,,
London,Khartoum,plane,28,556,,,,,,,
London,Kiev,plane,3.5,218,,,,,,,
London,Kigali,plane,32.17,996,,,,,,,
London,Kingston,plane,11,1099,,,,,,,
London,Kinshasa,plane,19.5,781,,,,,,,
London,Koror,plane,36,2000,,,,,,,
London,Kuala Lumpur,plane,13.17,575,,,,,,,
London,La Paz,plane,19.58,2234,,,,,,,
London,Libreville,plane,14.3,3025,,,,,,,
London,Lilongwe,plane,21,707,,,,,,,
London,Lisbon,plane,2.5,60,,,,,,,
London,Luxembourg,plane,2,55,,,,,,,
London,Madrid,plane,2.42,53,,,,,,,
London,Madrid,plane,5.5,359,,,,,,,
London,Malabo,plane,11,909,,,,,,,
London,Male,plane,18,570,,,,,,,
London,Male,plane,17,545,,,,,,,
London,Manama,plane,8,600,,,,,,,
London,Maseru,plane,31,582,,,,,,,
London,Mbabane,plane,24,1300,,,,,,,
London,Montevideo,plane,18,1554,,,,,,,
London,N'Djamena,plane,19,770,,,,,,,
London,Nassau,plane,15.5,1260,,,,,,,
London,New Delhi,plane,15,950,,,,,,,
London,Noumea,plane,33,1200,,,,,,,
London,Noumea,plane,30,1591,,,,,,,
London,Nuuk,plane,17.5,1618.5,,,,,,,
London,Oranjestad,plane,15,1148,,,,,,,
London,Oslo,plane,2.167,138,,,,,,,
London,Ottawa,plane,6.45,1570,,,,,,,
London,Ouagadougou,plane,16,667,,,,,,,
London,P'yongyang,plane,29,1400,,,,,,,
London,P'yongyang,plane,29,2300,,,,,,,
London,Panama,plane,15,1323,,,,,,,
London,Papeete,plane,24,2545.7,,,,,,,
London,Paramaribo,plane,13,1690,,,,,,,
London,Paris,train,2.5,230,,,,,,,
London,Phnom Penh,plane,30,1486,,,,,,,
London,Port Moresby,plane,31.75,2536,,,,,,,
London,Port-Vila,plane,29.5,5956,,,,,,,
London,Prague,plane,2,196,,,,,,,
London,Praia,plane,11,1137.13,,,,,,,
London,Quito,plane,17,2932,,,,,,,
London,Quito,plane,17,1236.5,,,,,,,
London,Reykjavik,plane,3.05,875,,,,,,,
London,Riga,plane,3,180,,,,,,,
London,Road Town,plane,20,3000,,,,,,,
London,Roseau,plane,34.5,841,,,,,,,
London,San Marino,plane,7,600,,,,,,,
London,San Salvador,plane,17,1454,,,,,,,
London,Santiago,plane,30,1900,,,,,,,
London,Sarajevo,plane,15,335,,,,,,,
London,Seoul,plane,18,680,,,,,,,
London,Singapore,plane,17,450,,,,,,,
London,St. Peter Port,boat,3,72,,,,,,,
London,St. Peter Port,plane,1,128,,,,,,,
London,Stockholm,plane,2.33,734,,,,,,,
London,Suva,plane,46,2104.22,,,,,,,
London,Tallinn,plane,3,100,,,,,,,
London,Tehran,plane,17,217,,,,,,,
London,Tokyo,plane,26,850,,,,,,,
London,Torshavn,plane,6,588,,,,,,,
London,Tunis,plane,3,400,,,,,,,
London,Tunis,plane,3,400,,,,,,,
London,Valletta,plane,5,610,,,,,,,
London,Vientiane,plane,22,1450,,,,,,,
London,Vientiane,plane,21,895,,,,,,,
London,Vilnius,plane,2.8,125,,,,,,,
London,W. Indies,plane,14.33,1260,,,,,,,
London,Warsaw,plane,2.5,35,,,,,,,
London,Washington DC,plane,7.5,836,,,,,,,
London,Washington DC,plane,7.5,900,,,,,,,
London,Wellington,plane,30,1200,,,,,,,
London,Willemstad,plane,20,1279,,,,,,,
London,Yaounde,plane,22.35,689,,,,,,,
London,Zagreb,plane,2.5,213,,,,,,,
Luanda,Lusaka,plane,6.45,923.56,,,,,,,
Luanda,Oranjestad,plane,49.4,2572,,,,,,,
Luanda,Windhoek,plane,2.5,823.07,,,,,,,
Luanda,Yerevan,plane,24.2,1060,,,,,,,
Lusaka,Gaborone,plane,5.6,513,,,,,,,
Lusaka,Harare,plane,0.92,331,,,,,,,
Lusaka,Harare,train,11.5,13.5,,,,,,,
Lusaka,Lilongwe,bus,12,34,,,,,,,
Lusaka,Luanda,plane,6.45,923.56,,,,,,,
Lusaka,Maputo,plane,8.808,499.6,,,,,,,
Lusaka,Windhoek,plane,9.35,501.2,,,,,,,
Luxembourg,Berlin,train,8,264,,,,,,,
Luxembourg,Brussels,train,3,53,,,,,,,
Luxembourg,Canberra (Use Sydney),plane,33,937,,,,,,,
Luxembourg,Lima,plane,26,1261,,,,,,,
Luxembourg,London,plane,2,55,,,,,,,
Luxembourg,Paris,train,2,101,,,,,,,
Luxembourg,Pretoria (Use Johannesburg),plane,20,594,,,,,,,
Luxembourg,Singapore,plane,21,563,,,,,,,
Luxembourg,Washington DC,plane,16,932,,,,,,,
Madrid,Andorra la Vella,bus,2.25,9,,,,,,,
Madrid,Andorra la Vella,train,2.13,45,,,,,,,
Madrid,Andorra la Vella,train,5,54,,,,,,,
Madrid,Canberra (Use Sydney),plane,28,1766,,,,,,,
Madrid,Canberra (Use Sydney),plane,29.25,982,,,,,,,
Madrid,Lima,plane,22,1193,,,,,,,
Madrid,Lima,plane,31.25,782,,,,,,,
Madrid,Lisbon,train,9.5,77.57,,,,,,,
Madrid,Lisbon,train,9.67,31.79,,,,,,,
Madrid,Lisbon,bus,8.5,47.44,,,,,,,
Madrid,London,plane,2.42,53,,,,,,,
Madrid,London,plane,5.5,359,,,,,,,
Madrid,Paris,train,15,94.88,,,,,,,
Madrid,Paris,train,14,221.82,,,,,,,
Madrid,Paris,bus,10.5,89.75,,,,,,,
Madrid,Pretoria (Use Johannesburg),plane,19.58,591,,,,,,,
Madrid,Pretoria (Use Johannesburg),plane,23,1089,,,,,,,
Madrid,Rome,plane,2.6,243,,,,,,,
Madrid,Singapore,plane,27,1203,,,,,,,
Madrid,Singapore,plane,21.91,525,,,,,,,
Madrid,Washington DC,plane,16,819,,,,,,,
Madrid,Washington DC,plane,24.25,934,,,,,,,
Malabo,Canberra (Use Sydney),plane,33.5,1730,,,,,,,
Malabo,Lima,plane,21.25,2689,,,,,,,
Malabo,London,plane,11,909,,,,,,,
Malabo,Pretoria (Use Johannesburg),plane,16,699,,,,,,,
Malabo,Singapore,plane,34,1167,,,,,,,
Malabo,Washington DC,plane,24.75,1294,,,,,,,
Male,Canberra (Use Sydney),plane,18,700,,,,,,,
Male,Canberra (Use Sydney),plane,16,691,,,,,,,
Male,Lima,plane,45,2300,,,,,,,
Male,Lima,plane,41,1887,,,,,,,
Male,London,plane,18,570,,,,,,,
Male,London,plane,17,545,,,,,,,
Male,Male,boat,0,0,,,,,,,
Male,New Delhi,plane,7.5,448,,,,,,,
Male,Pretoria (Use Johannesburg),plane,19,696,,,,,,,
Male,Pretoria (Use Johannesburg),plane,19,696,,,,,,,
Male,Singapore,plane,14,280,,,,,,,
Male,Singapore,plane,17,280,,,,,,,
Male,Washington DC,plane,40,1203,,,,,,,
Male,Washington DC,plane,49,1203,,,,,,,
Mamoudzou,Moroni,boat,4,15,,,,,,,
Managua,Canberra (Use Sydney),plane,31,1932,,,,,,,
Managua,Lima,plane,19,785,,,,,,,
Managua,London,plane,18,1655,,,,,,,
Managua,Pretoria (Use Johannesburg),plane,36,1968,,,,,,,
Managua,San Jose,plane,1,375,,,,,,,
Managua,Singapore,plane,46,1850,,,,,,,
Managua,Tegucigalpa,plane,3,330,,,,,,,
Managua,Washington DC,plane,8,510,,,,,,,
Manama,Abu Dhabi,plane,1.25,130,,,,,,,
Manama,Canberra (Use Sydney),plane,17,1000,,,,,,,
Manama,Lima,plane,28,1350,,,,,,,
Manama,London,plane,8,600,,,,,,,
Manama,Pretoria (Use Johannesburg),plane,10,800,,,,,,,
Manama,Pretoria (Use Johannesburg),plane,11,400,,,,,,,
Manama,Riyadh,bus,7,31,,,,,,,
Manama,Washington DC,plane,16,1000,,,,,,,
Manila,Bandar Seri Begawan,plane,2,132,,,,,,,
Manila,Beijing,plane,4.5,305,,,,,,,
Manila,Canberra (Use Sydney),plane,8,700,,,,,,,
Manila,Hanoi,plane,19,312,,,,,,,
Manila,Seoul,plane,10,316,,,,,,,
Manila,Tokyo,plane,4.5,350,,,,,,,
Manila,Tokyo,plane,5,819,,,,,,,
Maputo,Harare,plane,2.6,375,,,,,,,
Maputo,Lilongwe,plane,21.5,702,,,,,,,
Maputo,Lusaka,plane,8.808,499.6,,,,,,,
Maputo,Mbabane,plane,1.9,390,,,,,,,
Maputo,Pretoria (Use Johannesburg),plane,1.15,177,,,,,,,
Maseru,Canberra (Use Sydney),plane,30,1211,,,,,,,
Maseru,Lima,plane,37,2643,,,,,,,
Maseru,London,plane,31,582,,,,,,,
Maseru,Pretoria (Use Johannesburg),bus,4,21,,,,,,,
Maseru,Pretoria (Use Johannesburg),train,6,32,,,,,,,
Maseru,Pretoria (Use Johannesburg),plane,1,204,,,,,,,
Maseru,Singapore,plane,22,857,,,,,,,
Maseru,Washington DC,plane,27,1057,,,,,,,
Masqat,Abu Dhabi,plane,1.1,87,,,,,,,
Masqat,New Delhi,plane,3,459,,,,,,,
Masqat,Riyadh,plane,2.25,305,,,,,,,
Mbabane,Canberra (Use Sydney),plane,20,1500,,,,,,,
Mbabane,Lima,plane,22,2700,,,,,,,
Mbabane,Lima,plane,23,1200,,,,,,,
Mbabane,London,plane,24,1300,,,,,,,
Mbabane,Maputo,bus,3.25,43,,,,,,,
Mbabane,Maputo,train,4.5,12,,,,,,,
Mbabane,Pretoria (Use Johannesburg),bus,3.5,35,,,,,,,
Mbabane,Pretoria (Use Johannesburg),bus,4,55,,,,,,,
Mbabane,Washington DC,plane,15,2700,,,,,,,
Mexico,Belmopan,plane,33.17,488,,,,,,,
Mexico,Guatemala,plane,2,403,,,,,,,
Mexico,Guatemala,plane,2.3,484,,,,,,,
Mexico,Washington DC,plane,4.1,420,,,,,,,
Mexico,Washington DC,truck,37,450,,,,,,,
Minsk,Kiev,train,50.5,225,,,,,,,
Minsk,Moskva,train,11,80,,,,,,,
Minsk,Vilnius,bus,4.6,17,,,,,,,
Minsk,Warsaw,bus,10,52.39,,,,,,,
Mogadishu,Addis Ababa,plane,20,830,,,,,,,
Mogadishu,Djibouti,plane,18.5,536,,,,,,,
Monrovia,Conakry,plane,19.5,627,,,,,,,
Monrovia,Freetown,plane,1.08333,185,,,,,,,
Montevideo,Brasilia,bus,11,170,,,,,,,
Montevideo,Buenos Aires,bus,8,370,,,,,,,
Montevideo,Canberra (Use Sydney),plane,30,4282,,,,,,,
Montevideo,Lima,plane,11,965,,,,,,,
Montevideo,London,plane,18,1554,,,,,,,
Montevideo,Pretoria (Use Johannesburg),plane,19,1959,,,,,,,
Montevideo,Singapore,plane,38,3167,,,,,,,
Montevideo,Washington DC,plane,17,1438,,,,,,,
Moroni,Antananarivo,plane,1.3,520,,,,,,,
Moroni,Mamoudzou,boat,4,22,,,,,,,
Moskva,Astana,plane,16,363,,,,,,,
Moskva,Helsinki,train,15,140,,,,,,,
Moskva,Kiev,train,58.87,225,,,,,,,
Moskva,Minsk,train,11,80,,,,,,,
Moskva,Tallinn,train,16.3,76,,,,,,,
Moskva,Tashkent,plane,4,394,,,,,,,
N'Djamena,Abuja,bus,0.25,0.4,,,,,,,
N'Djamena,Bangui,plane,29.5,1775,,,,,,,
N'Djamena,Canberra (Use Sydney),plane,56,1752,,,,,,,
N'Djamena,Khartoum,plane,3,70,,,,,,,
N'Djamena,Lima,plane,33,4351,,,,,,,
N'Djamena,London,plane,19,770,,,,,,,
N'Djamena,Niamey,bus,6,25,,,,,,,
N'Djamena,Pretoria (Use Johannesburg),plane,22.5,738,,,,,,,
N'Djamena,Singapore,plane,22.5,1291,,,,,,,
N'Djamena,Washington DC,plane,23.5,1537,,,,,,,
N'Djamena,Yaounde,bus,0.25,0.4,,,,,,,
Nairobi,Dodoma,plane,1.2,195,,,,,,,
Nairobi,Kampala,bus,13,17.37,,,,,,,
Nairobi,Kigali,plane,1,500,,,,,,,
Nassau,Algiers,plane,34,1710,,,,,,,
Nassau,Canberra (Use Sydney),plane,40,1650,,,,,,,
Nassau,Havana,plane,1.25,240,,,,,,,
Nassau,Lima,plane,13.5,850,,,,,,,
Nassau,London,plane,15.5,1260,,,,,,,
Nassau,Port-au-Prince,plane,6.75,375,,,,,,,
Nassau,Pretoria (Use Johannesburg),plane,22,1830,,,,,,,
Nassau,Santo Domingo,plane,4.5,340,,,,,,,
Nassau,Singapore,plane,34.75,3000,,,,,,,
Nassau,Washington DC,plane,3,360,,,,,,,
New Delhi,Beijing,plane,21,655,,,,,,,
New Delhi,Canberra (Use Sydney),plane,21,1931,,,,,,,
New Delhi,Dhaka,plane,6,248,,,,,,,
New Delhi,Islamabad,plane,29,1360,,,,,,,
New Delhi,Islamabad,plane,25,763,,,,,,,
New Delhi,Kathmandu,plane,1.5,182,,,,,,,
New Delhi,Lima,plane,25,2192,,,,,,,
New Delhi,London,plane,15,950,,,,,,,
New Delhi,Male,plane,7.5,448,,,,,,,
New Delhi,Masqat,plane,3,459,,,,,,,
New Delhi,Pretoria (Use Johannesburg),plane,12.5,925,,,,,,,
New Delhi,Singapore,plane,18,719,,,,,,,
New Delhi,Thimphu,bus,40,14,,,,,,,
New Delhi,Thimphu,plane,2.5,400,,,,,,,
New Delhi,Washington DC,plane,21.5,1232,,,,,,,
Niamey,N'Djamena,bus,6,25,,,,,,,
Niamey,Ouagadougou,plane,1,236,,,,,,,
Nicosia,Ankara,train,3,422,,,,,,,
Noumea,Canberra (Use Sydney),plane,3,252,,,,,,,
Noumea,Canberra (Use Sydney),plane,3,260,,,,,,,
Noumea,Lima,plane,68,4000,,,,,,,
Noumea,Lima,plane,68,4042,,,,,,,
Noumea,London,plane,33,1200,,,,,,,
Noumea,London,plane,30,1591,,,,,,,
Noumea,Pretoria (Use Johannesburg),plane,45,1980,,,,,,,
Noumea,Pretoria (Use Johannesburg),plane,39,4273,,,,,,,
Noumea,Singapore,plane,15,1286,,,,,,,
Noumea,Singapore,plane,18,1000,,,,,,,
Noumea,Washington DC,plane,38,4865,,,,,,,
Noumea,Washington DC,plane,39,2000,,,,,,,
Nuku'alofa,Canberra (Use Sydney),plane,7.5,543,,,,,,,
Nuku'alofa,Lima,plane,33,3607,,,,,,,
Nuku'alofa,Pretoria (Use Johannesburg),plane,27.5,3261,,,,,,,
Nuku'alofa,Pretoria (Use Johannesburg),plane,44,4634,,,,,,,
Nuku'alofa,Singapore,plane,35,1293,,,,,,,
Nuku'alofa,Suva,plane,12,313,,,,,,,
Nuku'alofa,Washington DC,plane,28,1855,,,,,,,
Nuuk,Canberra (Use Sydney),plane,31.4,2710,,,,,,,
Nuuk,Lima,plane,33.25,4321,,,,,,,
Nuuk,London,plane,17.5,1618.5,,,,,,,
Nuuk,Pretoria (Use Johannesburg),plane,29.3,3030,,,,,,,
Nuuk,Reykjavik,plane,1.4,573.55,,,,,,,
Nuuk,Washington DC,plane,29.3,2210,,,,,,,
Oranjestad,Canberra (Use Sydney),plane,43,1871,,,,,,,
Oranjestad,Lima,plane,7,704,,,,,,,
Oranjestad,London,plane,15,1148,,,,,,,
Oranjestad,Luanda,plane,49.4,2572,,,,,,,
Oranjestad,Pretoria (Use Johannesburg),plane,44,1838,,,,,,,
Oranjestad,Singapore,plane,42,1701,,,,,,,
Oranjestad,Washington DC,plane,9,450,,,,,,,
Oslo,Canberra (Use Sydney),plane,33.25,1315,,,,,,,
Oslo,Helsinki,plane,2,150,,,,,,,
Oslo,Lima,plane,19.83,1525,,,,,,,
Oslo,London,plane,2.167,138,,,,,,,
Oslo,Pretoria (Use Johannesburg),plane,13.75,813,,,,,,,
Oslo,Singapore,plane,23.25,778,,,,,,,
Oslo,Stockholm,train,6,113,,,,,,,
Oslo,Washington DC,plane,10.383,503,,,,,,,
Ottawa,Canberra (Use Sydney),plane,1076,33.3,,,,,,,
Ottawa,Lima,plane,34.1,967,,,,,,,
Ottawa,London,plane,6.45,1570,,,,,,,
Ottawa,Pretoria (Use Johannesburg),plane,23.2,1195,,,,,,,
Ottawa,Saint-Pierre,plane,8,450,,,,,,,
Ottawa,Singapore,plane,20.5,2497,,,,,,,
Ottawa,Washington DC,plane,1.7,535,,,,,,,
Ottawa,Washington DC,bus,18,125,,,,,,,
Ottawa,Washington DC,bus,19.5,113,,,,,,,
Ottawa,Washington DC,plane,1.4,460,,,,,,,
Ottawa,Washington DC,train,17,83,,,,,,,
Ouagadougou,Accra,plane,1.33333,420,,,,,,,
Ouagadougou,Bamako,plane,1.33,322,,,,,,,
Ouagadougou,Lima,plane,51,2137,,,,,,,
Ouagadougou,Lome,plane,1.5,287,,,,,,,
Ouagadougou,London,plane,16,667,,,,,,,
Ouagadougou,Niamey,plane,1,236,,,,,,,
Ouagadougou,Porto-Novo,bus,10,35,,,,,,,
Ouagadougou,Washington DC,plane,30,1338,,,,,,,
Ouagadougou,Yamoussoukro,bus,16,50,,,,,,,
P'yongyang,Beijing,train,22,100,,,,,,,
P'yongyang,Canberra (Use Sydney),plane,25,2000,,,,,,,
P'yongyang,Canberra (Use Sydney),plane,38,1500,,,,,,,
P'yongyang,Lima,plane,31,2700,,,,,,,
P'yongyang,Lima,plane,32,3700,,,,,,,
P'yongyang,London,plane,29,2300,,,,,,,
P'yongyang,London,plane,29,1400,,,,,,,
P'yongyang,Pretoria (Use Johannesburg),plane,28,2300,,,,,,,
P'yongyang,Pretoria (Use Johannesburg),plane,44,1300,,,,,,,
P'yongyang,Singapore,plane,14,1600,,,,,,,
P'yongyang,Tokyo,plane,11,900,,,,,,,
P'yongyang,Washington DC,plane,26,2800,,,,,,,
P'yongyang,Washington DC,plane,25,1600,,,,,,,
Pago Pago,Apia,plane,1.5,76,,,,,,,
Palikir,Manila,plane,5.5,500,,,,,,,
Panama,Bogota,plane,2,407,,,,,,,
Panama,Bogota,plane,1.27,420,,,,,,,
Panama,Canberra (Use Sydney),plane,27,1943,,,,,,,
Panama,Guatemala,plane,2.3,585,,,,,,,
Panama,Lima,plane,8,429,,,,,,,
Panama,London,plane,15,1323,,,,,,,
Panama,Pretoria (Use Johannesburg),plane,30,2105,,,,,,,
Panama,San Jose,plane,1.15,341,,,,,,,
Panama,San Jose,bus,11,40,,,,,,,
Panama,San Jose,bus,30,60,,,,,,,
Panama,Singapore,plane,40,1822,,,,,,,
Panama,Washington DC,plane,13,582,,,,,,,
Papeete,Canberra (Use Sydney),plane,29,1767.1,,,,,,,
Papeete,Lima,plane,34,4480.06,,,,,,,
Papeete,London,plane,24,2545.7,,,,,,,
Papeete,Pretoria (Use Johannesburg),plane,44,7842.52,,,,,,,
Papeete,Singapore,plane,31,4376.53,,,,,,,
Papeete,Washington DC,plane,17,1435.14,,,,,,,
Paramaribo,Canberra (Use Sydney),plane,39,2424,,,,,,,
Paramaribo,Cayenne,bus,5,40,,,,,,,
Paramaribo,Lima,plane,17,1065,,,,,,,
Paramaribo,Lisbon,plane,21,2467,,,,,,,
Paramaribo,London,plane,13,1690,,,,,,,
Paramaribo,Pretoria (Use Johannesburg),plane,32,1945,,,,,,,
Paramaribo,Singapore,plane,33,2442,,,,,,,
Paramaribo,Washington DC,plane,14,640,,,,,,,
Paris,Andorra la Vella,train,20,80,,,,,,,
Paris,Berlin,train,8,340,,,,,,,
Paris,Bern,train,5,162,,,,,,,
Paris,Brussels,train,1,69,,,,,,,
Paris,Canberra (Use Sydney),plane,28,762,,,,,,,
Paris,Lima,plane,35,884,,,,,,,
Paris,London,plane,1,81,,,,,,,
Paris,London,train,3,129.28,,,,,,,
Paris,Luxembourg,train,2,107,,,,,,,
Paris,Madrid,train,16,246,,,,,,,
Paris,Pretoria (Use Johannesburg),plane,16,467,,,,,,,
Paris,Rome,train,15,223,,,,,,,
Paris,Singapore,plane,13,750,,,,,,,
Paris,Sofia,plane,2.9,279,,,,,,,
Paris,St. Peter Port,boat,11,49,,,,,,,
Paris,Washington DC,plane,20,681,,,,,,,
Phnom Penh,Bangkok,plane,1,140,,,,,,,
Phnom Penh,Beijing,plane,17,370,,,,,,,
Phnom Penh,Canberra (Use Sydney),plane,34,1147,,,,,,,
Phnom Penh,Hanoi,plane,3.25,511,,,,,,,
Phnom Penh,Hanoi,train,33,110,,,,,,,
Phnom Penh,Lima,plane,40,3283,,,,,,,
Phnom Penh,London,plane,30,1486,,,,,,,
Phnom Penh,Pretoria (Use Johannesburg),plane,21,1659,,,,,,,
Phnom Penh,Singapore,plane,2,182,,,,,,,
Phnom Penh,Vientiane,plane,1.5,190,,,,,,,
Phnom Penh,Washington DC,plane,31,2203,,,,,,,
Port Moresby,Canberra (Use Sydney),plane,44.25,840,,,,,,,
Port Moresby,Jakarta,bus,55,29,,,,,,,
Port Moresby,Lima,plane,49.33,7063,,,,,,,
Port Moresby,London,plane,31.75,2536,,,,,,,
Port Moresby,Pretoria (Use Johannesburg),plane,35,2080,,,,,,,
Port Moresby,Singapore,plane,25.25,1470,,,,,,,
Port Moresby,Washington DC,plane,50.33,2321,,,,,,,
Port-au-Prince,Nassau,plane,6.75,375,,,,,,,
Port-au-Prince,Santo Domingo,bus,8,40,,,,,,,
Port-Vila,Canberra (Use Sydney),plane,6.5,1005,,,,,,,
Port-Vila,Lima,plane,41,6636,,,,,,,
Port-Vila,London,plane,29.5,5956,,,,,,,
Port-Vila,Pretoria (Use Johannesburg),plane,33,4871,,,,,,,
Port-Vila,Singapore,plane,23,2752,,,,,,,
Port-Vila,Washington DC,plane,33,1712,,,,,,,
Porto-Novo,Lome,plane,1,223,,,,,,,
Porto-Novo,Ouagadougou,bus,10,35,,,,,,,
Prague,Berlin,bus,5,41.78,,,,,,,
Prague,Berlin,train,5,55.22,,,,,,,
Prague,Bratislava,bus,4,15.67,,,,,,,
Prague,Bratislava,train,6,32.64,,,,,,,
Prague,Budapest,train,7,25,,,,,,,
Prague,Canberra (Use Sydney),plane,22,744,,,,,,,
Prague,Lima,plane,27,1592,,,,,,,
Prague,London,plane,2,196,,,,,,,
Prague,Pretoria (Use Johannesburg),plane,21,604,,,,,,,
Prague,Singapore,plane,15,800,,,,,,,
Prague,Vienna,train,5,39.17,,,,,,,
Prague,Vienna,bus,5,28.07,,,,,,,
Prague,Warsaw,train,8,52.22,,,,,,,
Prague,Washington DC,plane,19,602,,,,,,,
Praia,Canberra (Use Sydney),plane,33,5385.6,,,,,,,
Praia,Lima,plane,49,6938.78,,,,,,,
Praia,London,plane,11,1137.13,,,,,,,
Praia,Pretoria (Use Johannesburg),plane,49,3893.38,,,,,,,
Praia,Singapore,plane,26,3696.23,,,,,,,
Praia,Washington DC,plane,32,4622.87,,,,,,,
Pretoria (Use Johannesburg),Abu Dhabi,plane,16,714,,,,,,,
Pretoria (Use Johannesburg),Amsterdam,plane,15,560,,,,,,,
Pretoria (Use Johannesburg),Ashgabat,plane,32.5,908,,,,,,,
Pretoria (Use Johannesburg),Asmara,plane,32,1170,,,,,,,
Pretoria (Use Johannesburg),Asuncion,plane,20,1720,,,,,,,
Pretoria (Use Johannesburg),Athens,plane,15,515,,,,,,,
Pretoria (Use Johannesburg),Baghdad,plane,19,782,,,,,,,
Pretoria (Use Johannesburg),Baku,plane,20,1500,,,,,,,
Pretoria (Use Johannesburg),Bangui,plane,46,2280,,,,,,,
Pretoria (Use Johannesburg),Beijing,plane,25,800,,,,,,,
Pretoria (Use Johannesburg),Belgrade,plane,18.5,1072,,,,,,,
Pretoria (Use Johannesburg),Belmopan,plane,35.75,3190,,,,,,,
Pretoria (Use Johannesburg),Berlin,plane,16.17,614,,,,,,,
Pretoria (Use Johannesburg),Bern,plane,24.8,1790,,,,,,,
Pretoria (Use Johannesburg),Bogota,plane,17,1982,,,,,,,
Pretoria (Use Johannesburg),Bogota,plane,27.92,2557,,,,,,,
Pretoria (Use Johannesburg),Brasilia,plane,30,1352,,,,,,,
Pretoria (Use Johannesburg),Brasilia,plane,13,1170,,,,,,,
Pretoria (Use Johannesburg),Bridgetown,plane,32.25,2122,,,,,,,
Pretoria (Use Johannesburg),Brussels,plane,17.5,483,,,,,,,
Pretoria (Use Johannesburg),Bucuresti,plane,18,1055,,,,,,,
Pretoria (Use Johannesburg),Budapest,plane,17,1000,,,,,,,
Pretoria (Use Johannesburg),Bujumbura,plane,3.33,395,,,,,,,
Pretoria (Use Johannesburg),Caracas,plane,41,2617,,,,,,,
Pretoria (Use Johannesburg),Chisinau ,plane,33.5,780,,,,,,,
Pretoria (Use Johannesburg),Dili,plane,43,4500,,,,,,,
Pretoria (Use Johannesburg),Dushanbe,plane,31,1900,,,,,,,
Pretoria (Use Johannesburg),Funafuti,plane,35,2100,,,,,,,
Pretoria (Use Johannesburg),Gaborone,bus,6.67,31.29,,,,,,,
Pretoria (Use Johannesburg),George Town,plane,42,2100,,,,,,,
Pretoria (Use Johannesburg),Georgetown,plane,42,3350,,,,,,,
Pretoria (Use Johannesburg),Harare,plane,2,450,,,,,,,
Pretoria (Use Johannesburg),Havana,plane,22.5,1748.5,,,,,,,
Pretoria (Use Johannesburg),Helsinki,plane,20,1500,,,,,,,
Pretoria (Use Johannesburg),Islamabad,plane,16,600,,,,,,,
Pretoria (Use Johannesburg),Jerusalem,plane,13.33,862,,,,,,,
Pretoria (Use Johannesburg),Kiev,plane,30.66,948,,,,,,,
Pretoria (Use Johannesburg),Kigali,plane,4,417,,,,,,,
Pretoria (Use Johannesburg),Kingston,plane,25,1914,,,,,,,
Pretoria (Use Johannesburg),Kinshasa,plane,24,442,,,,,,,
Pretoria (Use Johannesburg),Koror,plane,38,2000,,,,,,,
Pretoria (Use Johannesburg),Kuala Lumpur,plane,16.67,846,,,,,,,
Pretoria (Use Johannesburg),La Paz,plane,37.83,2078,,,,,,,
Pretoria (Use Johannesburg),Lilongwe,plane,13,691,,,,,,,
Pretoria (Use Johannesburg),Lisbon,plane,32,554,,,,,,,
Pretoria (Use Johannesburg),Luxembourg,plane,20,594,,,,,,,
Pretoria (Use Johannesburg),Madrid,plane,23,1089,,,,,,,
Pretoria (Use Johannesburg),Madrid,plane,19.58,591,,,,,,,
Pretoria (Use Johannesburg),Malabo,plane,16,699,,,,,,,
Pretoria (Use Johannesburg),Male,plane,19,696,,,,,,,
Pretoria (Use Johannesburg),Male,plane,19,696,,,,,,,
Pretoria (Use Johannesburg),Manama,plane,11,400,,,,,,,
Pretoria (Use Johannesburg),Manama,plane,10,800,,,,,,,
Pretoria (Use Johannesburg),Maputo,bus,10.5,34.75,,,,,,,
Pretoria (Use Johannesburg),Maseru,plane,1,204,,,,,,,
Pretoria (Use Johannesburg),Maseru,train,6,32,,,,,,,
Pretoria (Use Johannesburg),Maseru,bus,4,21,,,,,,,
Pretoria (Use Johannesburg),Mbabane,bus,4,55,,,,,,,
Pretoria (Use Johannesburg),Mbabane,bus,3.5,35,,,,,,,
Pretoria (Use Johannesburg),Montevideo,plane,19,1959,,,,,,,
Pretoria (Use Johannesburg),N'Djamena,plane,22.5,738,,,,,,,
Pretoria (Use Johannesburg),Nassau,plane,22,1830,,,,,,,
Pretoria (Use Johannesburg),New Delhi,plane,12.5,925,,,,,,,
Pretoria (Use Johannesburg),Noumea,plane,39,4273,,,,,,,
Pretoria (Use Johannesburg),Noumea,plane,45,1980,,,,,,,
Pretoria (Use Johannesburg),Nuku'alofa,plane,27.5,3261,,,,,,,
Pretoria (Use Johannesburg),Nuku'alofa,plane,44,4634,,,,,,,
Pretoria (Use Johannesburg),Nuuk,plane,29.3,3030,,,,,,,
Pretoria (Use Johannesburg),Oranjestad,plane,44,1838,,,,,,,
Pretoria (Use Johannesburg),Oslo,plane,13.75,813,,,,,,,
Pretoria (Use Johannesburg),Ottawa,plane,23.2,1195,,,,,,,
Pretoria (Use Johannesburg),P'yongyang,plane,28,2300,,,,,,,
Pretoria (Use Johannesburg),P'yongyang,plane,44,1300,,,,,,,
Pretoria (Use Johannesburg),Panama,plane,30,2105,,,,,,,
Pretoria (Use Johannesburg),Papeete,plane,44,7842.52,,,,,,,
Pretoria (Use Johannesburg),Paramaribo,plane,32,1945,,,,,,,
Pretoria (Use Johannesburg),Paris,plane,16,467,,,,,,,
Pretoria (Use Johannesburg),Phnom Penh,plane,21,1659,,,,,,,
Pretoria (Use Johannesburg),Port Moresby,plane,35,2080,,,,,,,
Pretoria (Use Johannesburg),Port-Vila,plane,33,4871,,,,,,,
Pretoria (Use Johannesburg),Prague,plane,21,604,,,,,,,
Pretoria (Use Johannesburg),Praia,plane,49,3893.38,,,,,,,
Pretoria (Use Johannesburg),Quito,plane,39,2583,,,,,,,
Pretoria (Use Johannesburg),Quito,plane,30,1315.5,,,,,,,
Pretoria (Use Johannesburg),Reykjavik,plane,21.45,2428,,,,,,,
Pretoria (Use Johannesburg),Riga,plane,18,2300,,,,,,,
Pretoria (Use Johannesburg),Road Town,plane,35,2600,,,,,,,
Pretoria (Use Johannesburg),Roseau,plane,54.5,3163,,,,,,,
Pretoria (Use Johannesburg),San Marino,plane,17,536,,,,,,,
Pretoria (Use Johannesburg),San Salvador,plane,42,2305,,,,,,,
Pretoria (Use Johannesburg),Santiago,plane,17.45,1500,,,,,,,
Pretoria (Use Johannesburg),Sarajevo,plane,36,1141,,,,,,,
Pretoria (Use Johannesburg),Seoul,plane,28,900,,,,,,,
Pretoria (Use Johannesburg),Singapore,plane,11,1000,,,,,,,
Pretoria (Use Johannesburg),St. Peter Port,plane,25,2111,,,,,,,
Pretoria (Use Johannesburg),St. Peter Port,plane,36,838,,,,,,,
Pretoria (Use Johannesburg),Stockholm,plane,17.5,532,,,,,,,
Pretoria (Use Johannesburg),Suva,plane,46,7165.87,,,,,,,
Pretoria (Use Johannesburg),Tallinn,plane,14.7,1090,,,,,,,
Pretoria (Use Johannesburg),Tehran,plane,20,733,,,,,,,
Pretoria (Use Johannesburg),Tokyo,plane,27,1150,,,,,,,
Pretoria (Use Johannesburg),Torshavn,plane,17,2554,,,,,,,
Pretoria (Use Johannesburg),Valletta,plane,15,1151,,,,,,,
Pretoria (Use Johannesburg),Vientiane,plane,20,1280,,,,,,,
Pretoria (Use Johannesburg),Vilnius,plane,23.7,1500,,,,,,,
Pretoria (Use Johannesburg),W. Indies,plane,36,1594,,,,,,,
Pretoria (Use Johannesburg),Warsaw,plane,21,541,,,,,,,
Pretoria (Use Johannesburg),Wellington,plane,26,1200,,,,,,,
Pretoria (Use Johannesburg),Willemstad,plane,45,2592,,,,,,,
Pretoria (Use Johannesburg),Willemstad,plane,34,2369,,,,,,,
Pretoria (Use Johannesburg),Windhoek,bus,23,115.46,,,,,,,
Pretoria (Use Johannesburg),Yaounde,plane,12.1,720,,,,,,,
Pretoria (Use Johannesburg),Zagreb,plane,22.5,1300,,,,,,,
Quito,Bogota,bus,30,75,,,,,,,
Quito,Brasilia,plane,16,961,,,,,,,
Quito,Canberra (Use Sydney),plane,33,1270.5,,,,,,,
Quito,Canberra (Use Sydney),plane,30,3164,,,,,,,
Quito,Lima,plane,2,310,,,,,,,
Quito,Lima,bus,38,65,,,,,,,
Quito,Lima,plane,2.5,478,,,,,,,
Quito,London,plane,17,1236.5,,,,,,,
Quito,London,plane,17,2932,,,,,,,
Quito,Pretoria (Use Johannesburg),plane,30,1315.5,,,,,,,
Quito,Pretoria (Use Johannesburg),plane,39,2583,,,,,,,
Quito,Singapore,plane,37.3,1215,,,,,,,
Quito,Singapore,plane,34,4338,,,,,,,
Quito,Washington DC,plane,8.08,787.83,,,,,,,
Quito,Washington DC,plane,10,1001,,,,,,,
Reykjavik,Canberra (Use Sydney),plane,36.9,1068,,,,,,,
Reykjavik,Copenhagen,plane,3.17,467,,,,,,,
Reykjavik,Helsinki,plane,3.42,547,,,,,,,
Reykjavik,Lima,plane,24.3,2773,,,,,,,
Reykjavik,London,plane,3.05,875,,,,,,,
Reykjavik,Nuuk,plane,1.4,573.55,,,,,,,
Reykjavik,Pretoria (Use Johannesburg),plane,21.45,2428,,,,,,,
Reykjavik,Singapore,plane,1400,2440,,,,,,,
Reykjavik,Torshavn,plane,1.5,209,,,,,,,
Reykjavik,Torshavn,plane,1.3,372,,,,,,,
Reykjavik,Vienna,plane,4.25,554,,,,,,,
Reykjavik,Washington DC,plane,6.1,258,,,,,,,
Riga,Canberra (Use Sydney),plane,32,2200,,,,,,,
Riga,Lima,plane,30,3200,,,,,,,
Riga,London,plane,3,180,,,,,,,
Riga,Pretoria (Use Johannesburg),plane,18,2300,,,,,,,
Riga,Singapore,plane,21,900,,,,,,,
Riga,Tallinn,train,8.6,19,,,,,,,
Riga,Vilnius,bus,4.5,25,, as in this case it is certainly more frequent and faster, there is a regular Eurolines bus service from Vilnius to Riga, with a number of departures daily, fare ?7-?3, journey time 4 hours, see www.luxexpress.eu."<BR><BR>From seat61.com"
Riga,Washington DC,plane,20,600,,,,,,,
Riyadh,Abu Dhabi,plane,3,172,,,,,,,
Riyadh,Baghdad,plane,8,488,,,,,,,
Riyadh,Doha,plane,1.5,352,,,,,,,
Riyadh,Manama,bus,7,31,,,,,,,
Riyadh,Masqat,plane,2.25,305,,,,,,,
Riyadh,Tehran,plane,30,646,,,,,,,
Road Town,Canberra (Use Sydney),plane,50,2100,,,,,,,
Road Town,Charlotte Amalie,boat,0.83333,35,,,,,,,
Road Town,Lima,plane,20,800,,,,,,,
Road Town,London,plane,20,3000,,,,,,,
Road Town,Pretoria (Use Johannesburg),plane,35,2600,,,,,,,
Road Town,San Juan,plane,0.83333,90,,,,,,,
Road Town,Singapore,plane,45,2000,,,,,,,
Road Town,Washington DC,plane,8,700,,,,,,,
Rome,Bern,plane,1.8,460,,,,,,,
Rome,Cairo,plane,3.2,334,,,,,,,
Rome,Dublin,plane,3.3,172,,,,,,,
Rome,Lisbon,plane,3,291,,,,,,,
Rome,Madrid,plane,2.6,243,,,,,,,
Rome,Paris,train,15,215,,,,,,,
Rome,San Marino,train,3.5,100,,,,,,,
Rome,Sofia,plane,1.8,120,,,,,,,
Rome,Tripoli,plane,2,1147,,,,,,,
Rome,Valletta,plane,1.5,421,,,,,,,
Rome,Vienna,plane,1.5,200,,,,,,,
Rome,Warsaw,plane,2.4,120,,,,,,,
Roseau,Fort-de-France,plane,4,557,,,,,,,
Roseau,Lima,plane,15,777,,,,,,,
Roseau,Lima,plane,15,777,,,,,,,
Roseau,London,plane,34.5,841,,,,,,,
Roseau,Pretoria (Use Johannesburg),plane,54.5,3163,,,,,,,
Roseau,Singapore,plane,53.75,2777,,,,,,,
Roseau,Washington DC,plane,21,614,,,,,,,
Saint-Pierre,Canberra (Use Sydney),plane,40,2000,,,,,,,
Saint-Pierre,Lima,plane,30,1200,,,,,,,
Saint-Pierre,Ottawa,plane,7,383,,,,,,,
Saint-Pierre,Singapore,plane,32,2500,,,,,,,
Saint-Pierre,Washington DC,plane,140,750,,,,,,,
Saipan,Tokyo,plane,4,625,,,,,,,
San Jose,Canberra (Use Sydney),plane,45,1020,,,,,,,
San Jose,Lima,plane,15,379,,,,,,,
San Jose,London,plane,15,1418,,,,,,,
San Jose,Managua,bus,6,40.01,,,,,,,
San Jose,Managua,bus,6,27.3,,,,,,,
San Jose,Panama,bus,11,42,,,,,,,
San Jose,Pretoria (Use Johannesburg),plane,35,1709,,,,,,,
San Jose,Singapore,plane,39,1171,,,,,,,
San Jose,Washington DC,plane,7,236,,,,,,,
San Juan,Road Town,plane,0.83333,90,,,,,,,
San Juan,Santo Domingo,plane,1,205.3,,,,,,,
San Marino,Canberra (Use Sydney),plane,27,1000,,,,,,,
San Marino,Lima,plane,22,1900,,,,,,,
San Marino,London,plane,7,600,,,,,,,
San Marino,Pretoria (Use Johannesburg),plane,17,536,,,,,,,
San Marino,Rome,train,4,100,,,,,,,
San Marino,Singapore,plane,22,800,,,,,,,
San Marino,Washington DC,plane,15,2400,,,,,,,
San Salvador,Canberra (Use Sydney),plane,38,2261,,,,,,,
San Salvador,Guatemala,bus,5,22,,,,,,,
San Salvador,Lima,plane,7,1053,,,,,,,
San Salvador,London,plane,17,1454,,,,,,,
San Salvador,Pretoria (Use Johannesburg),plane,42,2305,,,,,,,
San Salvador,Singapore,plane,38,2261,,,,,,,
San Salvador,Tegucigalpa,bus,6,28,,,,,,,
San Salvador,Washington DC,plane,9,681,,,,,,,
San Salvador,Washington DC,plane,9,681,,,,,,,
Santiago,Buenos Aires,bus,17,60,,,,,,,
Santiago,Buenos Aires,plane,1,301,,,,,,,
Santiago,Canberra (Use Sydney),plane,18.2,1650,,,,,,,
Santiago,La Paz,bus,42.3,46,,,,,,,
Santiago,La Paz,plane,4,232,,,,,,,
Santiago,Lima,plane,2.45,617,,,,,,,
Santiago,Lima,plane,3.55,345,,,,,,,
Santiago,Lima,bus,56,80,,,,,,,
Santiago,London,plane,30,1900,,,,,,,
Santiago,Pretoria (Use Johannesburg),plane,17.45,1500,,,,,,,
Santiago,Singapore,plane,39.1,2139,,,,,,,
Santiago,Washington DC,plane,13.5,1300,,,,,,,
Santo Domingo,Nassau,plane,4.5,340,,,,,,,
Santo Domingo,Port-au-Prince,bus,8,40,,,,,,,
Santo Domingo,San Juan,plane,1,205.3,,,,,,,
Santo Domingo,Seoul,plane,38,1685,,,,,,,
Sarajevo,Belgrade,train,9,26,,,,,,,
Sarajevo,Canberra (Use Sydney),plane,30,1976,,,,,,,
Sarajevo,London,plane,15,335,,,,,,,
Sarajevo,Pretoria (Use Johannesburg),plane,36,1141,,,,,,,
Sarajevo,Singapore,plane,14,1355,,,,,,,
Sarajevo,Washington DC,plane,38,1191,,,,,,,
Sarajevo,Zagreb,train,8,32,,,,,,,
Seoul,Bangkok,plane,16,650,,,,,,,
Seoul,Beijing,plane,6,200,,,,,,,
Seoul,Beijing,boat,1,90,,,,,,,
Seoul,Canberra (Use Sydney),plane,30,600,,,,,,,
Seoul,Lima,plane,28,1700,,,,,,,
Seoul,London,plane,18,680,,,,,,,
Seoul,Manila,plane,10,316,,,,,,,
Seoul,Pretoria (Use Johannesburg),plane,28,900,,,,,,,
Seoul,Santo Domingo,plane,38,1685,,,,,,,
Seoul,Singapore,plane,20,370,,,,,,,
Seoul,Tokyo,plane,2.33,330,,,,,,,
Seoul,Washington DC,plane,28,1200,,,,,,,
Singapore,Abu Dhabi,plane,11,545,,,,,,,
Singapore,Amsterdam,plane,12.5,549,,,,,,,
Singapore,Ashgabat,plane,19,836,,,,,,,
Singapore,Asmara,plane,37,1467,,,,,,,
Singapore,Asuncion,plane,33,2262,,,,,,,
Singapore,Athens,plane,16.4167,671,,,,,,,
Singapore,Baghdad,plane,29,907,,,,,,,
Singapore,Bangkok,train,48,65,,,,,,,
Singapore,Bangui,plane,47,3327,,,,,,,
Singapore,Beijing,plane,10,306,,,,,,,
Singapore,Belgrade,plane,25.08,1152,,,,,,,
Singapore,Belmopan,plane,46.5,2647,,,,,,,
Singapore,Belmopan,plane,46.5,2647,,,,,,,
Singapore,Berlin,plane,34.92,739,,,,,,,
Singapore,Bern,plane,27.1,4500,,,,,,,
Singapore,Bogota,plane,32.98,2110,,,,,,,
Singapore,Bogota,plane,29,3581,,,,,,,
Singapore,Brasilia,plane,42,4966,,,,,,,
Singapore,Brasilia,plane,36,2446,,,,,,,
Singapore,Bridgetown,plane,34.5,2300,,,,,,,
Singapore,Brussels,plane,20.58,558,,,,,,,
Singapore,Bucuresti,plane,13.56,1012,,,,,,,
Singapore,Budapest,plane,17,1000,,,,,,,
Singapore,Bujumbura,plane,32.33,1567,,,,,,,
Singapore,Cairo,plane,14.25,425,,,,,,,
Singapore,Canberra (Use Sydney),plane,8,500,,,,,,,
Singapore,Caracas,plane,51,2531,,,,,,,
Singapore,Chisinau ,plane,19.5,569,,,,,,,
Singapore,Dili,plane,4,930,,,,,,,
Singapore,Dushanbe,plane,32,1326,,,,,,,
Singapore,Funafuti,plane,21,1050,,,,,,,
Singapore,George Town,plane,34,2900,,,,,,,
Singapore,Georgetown,plane,35,1661,,,,,,,
Singapore,Havana,plane,34.5,1363,,,,,,,
Singapore,Helsinki,plane,22,1200,,,,,,,
Singapore,Islamabad,plane,22,10677,,,,,,,
Singapore,Jerusalem,plane,14,1122,,,,,,,
Singapore,Kiev,plane,19.25,969,,,,,,,
Singapore,Kigali,plane,22.5,1247,,,,,,,
Singapore,Kigali,plane,22.5,1247,,,,,,,
Singapore,Kingston,plane,26,1347,,,,,,,
Singapore,Kinshasa,plane,35,1059,,,,,,,
Singapore,Koror,plane,16,1152,,,,,,,
Singapore,Kuala Lumpur,train,6,35,,,,,,,
Singapore,La Paz,plane,43.33,2566,,,,,,,
Singapore,Libreville,plane,22.4,1233,,,,,,,
Singapore,Lilongwe,plane,39,901,,,,,,,
Singapore,Lima,plane,29,2100,,,,,,,
Singapore,Lisbon,plane,32.5,535,,,,,,,
Singapore,London,plane,17,450,,,,,,,
Singapore,Luxembourg,plane,21,563,,,,,,,
Singapore,Madrid,plane,21.91,525,,,,,,,
Singapore,Madrid,plane,27,1203,,,,,,,
Singapore,Malabo,plane,34,1167,,,,,,,
Singapore,Male,plane,14,280,,,,,,,
Singapore,Male,plane,17,280,,,,,,,
Singapore,Maseru,plane,22,857,,,,,,,
Singapore,Montevideo,plane,38,3167,,,,,,,
Singapore,N'Djamena,plane,22.5,1291,,,,,,,
Singapore,Nassau,plane,34.75,3000,,,,,,,
Singapore,New Delhi,plane,18,719,,,,,,,
Singapore,Noumea,plane,18,1000,,,,,,,
Singapore,Noumea,plane,15,1286,,,,,,,
Singapore,Nuku'alofa,plane,35,1293,,,,,,,
Singapore,Oranjestad,plane,42,1701,,,,,,,
Singapore,Oslo,plane,23.25,778,,,,,,,
Singapore,Ottawa,plane,20.5,2497,,,,,,,
Singapore,P'yongyang,plane,14,1600,,,,,,,
Singapore,Panama,plane,40,1822,,,,,,,
Singapore,Papeete,plane,31,4376.53,,,,,,,
Singapore,Paramaribo,plane,33,2442,,,,,,,
Singapore,Paris,plane,13,750,,,,,,,
Singapore,Phnom Penh,plane,2,182,,,,,,,
Singapore,Port Moresby,plane,25.25,1470,,,,,,,
Singapore,Port-Vila,plane,23,2752,,,,,,,
Singapore,Prague,plane,15,800,,,,,,,
Singapore,Praia,plane,26,3696.23,,,,,,,
Singapore,Pretoria (Use Johannesburg),plane,11,1000,,,,,,,
Singapore,Quito,plane,37.3,1215,,,,,,,
Singapore,Quito,plane,34,4338,,,,,,,
Singapore,Reykjavik,plane,1400,2440,,,,,,,
Singapore,Riga,plane,21,900,,,,,,,
Singapore,Road Town,plane,45,2000,,,,,,,
Singapore,Roseau,plane,53.75,2777,,,,,,,
Singapore,Saint-Pierre,plane,32,2500,,,,,,,
Singapore,San Marino,plane,22,800,,,,,,,
Singapore,San Salvador,plane,38,2261,,,,,,,
Singapore,Santiago,plane,39.1,2139,,,,,,,
Singapore,Sarajevo,plane,14,1355,,,,,,,
Singapore,Seoul,plane,20,370,,,,,,,
Singapore,Singapore,bus,0,0,,,,,,,
Singapore,Stockholm,plane,22.25,638,,,,,,,
Singapore,Suva,plane,17,1609.73,,,,,,,
Singapore,Tallinn,plane,14,720,,,,,,,
Singapore,Tehran,plane,13,491,,,,,,,
Singapore,Tokyo,plane,20,350,,,,,,,
Singapore,Torshavn,plane,15,1616,,,,,,,
Singapore,Vientiane,plane,7,507,,,,,,,
Singapore,Vientiane,plane,14,250,,,,,,,
Singapore,Vilnius,plane,17.5,1130,,,,,,,
Singapore,W. Indies,plane,46,1441,,,,,,,
Singapore,Warsaw,plane,21.36,652,,,,,,,
Singapore,Washington DC,plane,28,1750,,,,,,,
Singapore,Wellington,plane,17,866,,,,,,,
Singapore,Yaounde,plane,33.3,1114,,,,,,,
Singapore,Zagreb,plane,18,1424,,,,,,,
Skopje,Athens,bus,10,78,,,,,,,
Skopje,Belgrade,train,82.7,225,,,,,,,
Skopje,Belgrade,train,59.75,225,,,,,,,
Skopje,Sofia,bus,10.5,25,,,,,,,
Sofia,Athens,plane,1.4,122,,,,,,,
Sofia,Belgrade,train,9.2,119,,,,,,,
Sofia,Berlin,plane,2.3,172,,,,,,,
Sofia,Bucuresti,train,10.22,225,,,,,,,
Sofia,Cairo,plane,5,463,,,,,,,
Sofia,Paris,plane,2.9,279,,,,,,,
Sofia,Rome,plane,1.8,120,,,,,,,
Sofia,Skopje,bus,10.5,25,,,,,,,
St. Peter Port,Canberra (Use Sydney),plane,37,945,,,,,,,
St. Peter Port,Lima,plane,30,2406,,,,,,,
St. Peter Port,London,boat,3,72,,,,,,,
St. Peter Port,London,plane,1,128,,,,,,,
St. Peter Port,Paris,boat,11,49,,,,,,,
St. Peter Port,Pretoria (Use Johannesburg),plane,25,2111,,,,,,,
St. Peter Port,Pretoria (Use Johannesburg),plane,36,838,,,,,,,
St. Peter Port,Washington DC,plane,40,1057,,,,,,,
Stanley,Stanley,boat,0,0,,,,,,,
Stanley,Stanley,plane,0,0,,,,,,,
Stockholm,Canberra (Use Sydney),plane,26.167,848,,,,,,,
Stockholm,Copenhagen,train,5.183,236,,,,,,,
Stockholm,Helsinki,boat,11,170,,,,,,,
Stockholm,London,plane,2.33,734,,,,,,,
Stockholm,Oslo,train,6,113,,,,,,,
Stockholm,Pretoria (Use Johannesburg),plane,17.5,532,,,,,,,
Stockholm,Singapore,plane,22.25,638,,,,,,,
Stockholm,Tallinn,boat,16,150,,,,,,,
Stockholm,Washington DC,plane,23,647,,,,,,,
Suva,Canberra (Use Sydney),plane,19,877.64,,,,,,,
Suva,Funafuti,boat,96,73,,,,,,,
Suva,London,plane,46,2104.22,,,,,,,
Suva,Nuku'alofa,plane,12,313,,,,,,,
Suva,Pretoria (Use Johannesburg),plane,46,7165.87,,,,,,,
Suva,Singapore,plane,17,1609.73,,,,,,,
Suva,Washington DC,plane,45,3303.02,,,,,,,
T'bilisi,Kabul,bus,18,37,,,,,,,
T'bilisi,Yerevan,bus,2,8.44,,,,,,,
Tallinn,Canberra (Use Sydney),plane,27.5,1057,,,,,,,
Tallinn,Helsinki,boat,2,36,,,,,,,
Tallinn,Lima,plane,18.5,2350,,,,,,,
Tallinn,London,plane,3,100,,,,,,,
Tallinn,Moskva,train,16.3,76,,,,,,,
Tallinn,Pretoria (Use Johannesburg),plane,14.7,1090,,,,,,,
Tallinn,Riga,train,8.6,19,,,,,,,
Tallinn,Singapore,plane,14,720,,,,,,,
Tallinn,Stockholm,boat,16,150,,,,,,,
Tallinn,Washington DC,plane,13.1,830,,,,,,,
Tashkent,Ashgabat,plane,29,593,,,,,,,
Tashkent,Astana,plane,2.08,243,,,,,,,
Tashkent,Astana,plane,2.08,243,,,,,,,
Tashkent,Beijing,plane,15.67,1727,,,,,,,
Tashkent,Bishkek,bus,12,5.22,,,,,,,
Tashkent,Moskva,plane,4,394,,,,,,,
Tegucigalpa,Canberra (Use Sydney),plane,26,1901,,,,,,,
Tegucigalpa,Guatemala,plane,1,296,,,,,,,
Tegucigalpa,Lima,plane,6,667,,,,,,,
Tegucigalpa,London,plane,27,1602,,,,,,,
Tegucigalpa,Managua,bus,5,20,,,,,,,
Tegucigalpa,Managua,bus,8.5,33,,,,,,,
Tegucigalpa,Managua,plane,4,292,,,,,,,
Tegucigalpa,Panama,bus,11,57.75,,,,,,,
Tegucigalpa,Pretoria (Use Johannesburg),plane,36,1907,,,,,,,
Tegucigalpa,San Salvador,bus,5,15,,,,,,,
Tegucigalpa,San Salvador,plane,1,296,,,,,,,
Tegucigalpa,Singapore,plane,46,1780,,,,,,,
Tegucigalpa,Washington DC,plane,15,466,,,,,,,
Tehran,Ankara,plane,3,123,,,,,,,
Tehran,Ashgabat,plane,10,608,,,,,,,
Tehran,Baghdad,plane,16,529,,,,,,,
Tehran,Baku,plane,1,152,,,,,,,
Tehran,Islamabad,plane,22,596,,,,,,,
Tehran,Kabul,plane,17,594,,,,,,,
Tehran,Lima,plane,26,1328,,,,,,,
Tehran,London,plane,17,217,,,,,,,
Tehran,Pretoria (Use Johannesburg),plane,20,733,,,,,,,
Tehran,Riyadh,plane,30,646,,,,,,,
Tehran,Singapore,plane,13,491,,,,,,,
Tehran,Washington DC,plane,28,799,,,,,,,
Tehran,Yerevan,plane,24,7634,,,,,,,
Thimphu,Bangkok,plane,3,400,,,,,,,
Thimphu,Dhaka,plane,2,250,,,,,,,
Thimphu,Kathmandu,plane,1.5,250,,,,,,,
Thimphu,New Delhi,plane,2.5,400,,,,,,,
Thimphu,New Delhi,bus,40,14,,,,,,,
Tirane,Athens,bus,12,25.67,,,,,,,
Tirane,Belgrade,bus,15,43.24,,,,,,,
Tokyo,Beijing,plane,16,434,,,,,,,
Tokyo,Beijing,plane,21,922,,,,,,,
Tokyo,Canberra (Use Sydney),plane,20,656,,,,,,,
Tokyo,Lima,plane,27,1800,,,,,,,
Tokyo,London,plane,26,850,,,,,,,
Tokyo,Manila,plane,4.5,350,,,,,,,
Tokyo,Manila,plane,5,819,,,,,,,
Tokyo,P'yongyang,plane,11,900,,,,,,,
Tokyo,Pretoria (Use Johannesburg),plane,27,1150,,,,,,,
Tokyo,Saipan,plane,4,625,,,,,,,
Tokyo,Seoul,boat,1,71,,,,,,,
Tokyo,Seoul,plane,2,350,,,,,,,
Tokyo,Singapore,plane,20,350,,,,,,,
Tokyo,Washington DC,plane,28,1200,,,,,,,
Torshavn,Canberra (Use Sydney),plane,31,2535,,,,,,,
Torshavn,Copenhagen,boat,11,205,,,,,,,
Torshavn,Lima,plane,29,5493,,,,,,,
Torshavn,London,plane,6,588,,,,,,,
Torshavn,Pretoria (Use Johannesburg),plane,17,2554,,,,,,,
Torshavn,Reykjavik,boat,19,130,,,,,,,
Torshavn,Singapore,plane,15,1616,,,,,,,
Torshavn,Washington DC,plane,12,2040,,,,,,,
Tripoli,Cairo,plane,3.75,1266,,,,,,,
Tripoli,Dublin,plane,21,688,,,,,,,
Tripoli,Rome,plane,2,1147,,,,,,,
Tripoli,Tunis,plane,1,182,,,,,,,
Tunis,Algiers,plane,1.2,186,,,,,,,
Tunis,Canberra (Use Sydney),plane,20,1200,,,,,,,
Tunis,Kuwait,plane,10,461,,,,,,,
Tunis,Lima,plane,16.5,1800,,,,,,,
Tunis,London,plane,3,400,,,,,,,
Tunis,London,plane,3,400,,,,,,,
Tunis,Tripoli,plane,1,182,,,,,,,
Tunis,Valletta,plane,6,799,,,,,,,
Tunis,Washington DC,plane,12.5,2000,,,,,,,
Vaduz,Bern,bus,2.5,74.78,,,,,,,
Valletta,Canberra (Use Sydney),plane,20,1862,,,,,,,
Valletta,Lima,plane,19,2691,,,,,,,
Valletta,London,plane,5,610,,,,,,,
Valletta,Pretoria (Use Johannesburg),plane,15,1151,,,,,,,
Valletta,Rome,plane,1.5,421,,,,,,,
Valletta,Tunis,plane,6,799,,,,,,,
Valletta,Washington DC,plane,10,1552,,,,,,,
Vienna,Belgrade,train,58.31,225,,,,,,,
Vienna,Berlin,train,9.27,286,,,,,,,
Vienna,Bern,train,10,150,,,,,,,
Vienna,Budapest,train,4,20,,,,,,,
Vienna,Prague,bus,5,28.07,,,,,,,
Vienna,Prague,train,5,39.17,,,,,,,
Vienna,Reykjavik,plane,4.25,554,,,,,,,
Vienna,Rome,plane,1.5,200,,,,,,,
Vientiane,Bangkok,train,11,67,,,,,,,
Vientiane,Bangkok,train,13,23,,,,,,,
Vientiane,Beijing,plane,7,275,,,,,,,
Vientiane,Canberra (Use Sydney),plane,35,700,,,,,,,
Vientiane,Canberra (Use Sydney),plane,20,687,,,,,,,
Vientiane,Hanoi,bus,11,45,,,,,,,
Vientiane,Hanoi,bus,24,30,,,,,,,
Vientiane,Lima,plane,45,3000,,,,,,,
Vientiane,Lima,plane,34,1742,,,,,,,
Vientiane,London,plane,22,1450,,,,,,,
Vientiane,London,plane,21,895,,,,,,,
Vientiane,Phnom Penh,bus,14,47,,,,,,,
Vientiane,Pretoria (Use Johannesburg),plane,20,1280,,,,,,,
Vientiane,Singapore,plane,14,250,,,,,,,
Vientiane,Singapore,plane,7,507,,,,,,,
Vientiane,Washington DC,plane,38,2100,,,,,,,
Vientiane,Washington DC,plane,29,1142,,,,,,,
Vientiane,Yangon,bus,18,65,,,,,,,
Vilnius,Canberra (Use Sydney),plane,30.5,1690,,,,,,,
Vilnius,Lima,plane,26.5,2500,,,,,,,
Vilnius,London,plane,2.8,125,,,,,,,
Vilnius,Minsk,bus,4.6,17,,,,,,,
Vilnius,Pretoria (Use Johannesburg),plane,23.7,1500,,,,,,,
Vilnius,Riga,bus,4.5,25,, as in this case it is certainly more frequent and faster, there is a regular Eurolines bus service from Vilnius to Riga, with a number of departures daily, fare ?7-?3, journey time 4 hours, see www.luxexpress.eu."<BR><BR>From seat61.com"
Vilnius,Singapore,plane,17.5,1130,,,,,,,
Vilnius,Warsaw,train,9.5,30,,,,,,,
Vilnius,Washington DC,plane,15.3,925,,,,,,,
W. Indies,Canberra (Use Sydney),plane,50.33,1703,,,,,,,
W. Indies,Lima,plane,27.5,813,,,,,,,
W. Indies,London,plane,14.33,1260,,,,,,,
W. Indies,Pretoria (Use Johannesburg),plane,36,1594,,,,,,,
W. Indies,Singapore,plane,46,1441,,,,,,,
W. Indies,Washington DC,plane,17,244,,,,,,,
Warsaw,Berlin,bus,7.5,105.81,,,,,,,
Warsaw,Bratislava,bus,13.53,61.67,,,,,,,
Warsaw,Budapest,train,11,38,,,,,,,
Warsaw,Canberra (Use Sydney),plane,23.33,824,,,,,,,
Warsaw,Kiev,bus,15.5,66.6,,,,,,,
Warsaw,Lima,plane,54,1159,,,,,,,
Warsaw,London,plane,2.5,35,,,,,,,
Warsaw,Minsk,bus,11.8,49.34,,,,,,,
Warsaw,Prague,bus,10.75,43.62,,,,,,,
Warsaw,Pretoria (Use Johannesburg),plane,21,541,,,,,,,
Warsaw,Rome,plane,2.4,120,,,,,,,
Warsaw,Singapore,plane,21.36,652,,,,,,,
Warsaw,Vilnius,bus,9.36,23.63,,,,,,,
Warsaw,Washington DC,plane,23.25,654,,,,,,,
Washington DC,Abu Dhabi,plane,14,585,,,,,,,
Washington DC,Amsterdam,plane,19.3,662,,,,,,,
Washington DC,Ashgabat,plane,19,1075,,,,,,,
Washington DC,Asmara,plane,21,1526,,,,,,,
Washington DC,Asuncion,plane,15,934,,,,,,,
Washington DC,Athens,plane,15,1008,,,,,,,
Washington DC,Baghdad,plane,36,1269,,,,,,,
Washington DC,Baku,plane,25,901,,,,,,,
Washington DC,Bangui,plane,52,1458,,,,,,,
Washington DC,Beijing,plane,20,960,,,,,,,
Washington DC,Belgrade,plane,12.92,562,,,,,,,
Washington DC,Belmopan,plane,7.03,488,,,,,,,
Washington DC,Berlin,plane,18.42,826,,,,,,,
Washington DC,Bern,plane,14,5200,,,,,,,
Washington DC,Bogota,plane,5.25,574,,,,,,,
Washington DC,Bogota,plane,10,696,,,,,,,
Washington DC,Brasilia,plane,24,1279,,,,,,,
Washington DC,Brasilia,plane,27,1437,,,,,,,
Washington DC,Bridgetown,plane,9.75,570,,,,,,,
Washington DC,Brussels,plane,10.92,779,,,,,,,
Washington DC,Bucuresti,plane,13.16,848,,,,,,,
Washington DC,Budapest,plane,17,1700,,,,,,,
Washington DC,Bujumbura,plane,29.08,1558,,,,,,,
Washington DC,Cairo,plane,21.05,470,,,,,,,
Washington DC,Canberra (Use Sydney),plane,26,1604,,,,,,,
Washington DC,Caracas,plane,8,1209,,,,,,,
Washington DC,Chisinau ,plane,22,696,,,,,,,
Washington DC,Conakry,plane,72,1900,,,,,,,
Washington DC,Copenhagen,plane,13.28,948.22,,,,,,,
Washington DC,Dili,plane,35.67,7875,,,,,,,
Washington DC,Dushanbe,plane,21,2024,,,,,,,
Washington DC,Funafuti,plane,62,2100,,,,,,,
Washington DC,George Town,plane,7,400,,,,,,,
Washington DC,Georgetown,plane,11,556,,,,,,,
Washington DC,Hanoi,plane,29,1651.69,,,,,,,
Washington DC,Helsinki,plane,13,1500,,,,,,,
Washington DC,Islamabad,plane,27,951,,,,,,,
Washington DC,Jerusalem,plane,14.5,1691,,,,,,,
Washington DC,Khartoum,plane,54,1023,,,,,,,
Washington DC,Kiev,plane,23.25,622,,,,,,,
Washington DC,Kigali,plane,31.08,1021,,,,,,,
Washington DC,Kingston,plane,11,554,,,,,,,
Washington DC,Kinshasa,plane,25,1209,,,,,,,
Washington DC,Koror,plane,20,1500,,,,,,,
Washington DC,Kuala Lumpur,plane,20,1000,,,,,,,
Washington DC,Kuala Lumpur,plane,26.5,877,,,,,,,
Washington DC,Kuala Lumpur,plane,20,1000,,,,,,,
Washington DC,La Paz,plane,3.67,875.2,,,,,,,
Washington DC,Lilongwe,plane,25,1207,,,,,,,
Washington DC,Lima,plane,10,900,,,,,,,
Washington DC,Lisbon,plane,41.5,799,,,,,,,
Washington DC,London,plane,7.5,836,,,,,,,
Washington DC,London,plane,7.5,900,,,,,,,
Washington DC,Luxembourg,plane,16,932,,,,,,,
Washington DC,Madrid,plane,24.25,934,,,,,,,
Washington DC,Madrid,plane,16,819,,,,,,,
Washington DC,Malabo,plane,24.75,1294,,,,,,,
Washington DC,Male,plane,40,1203,,,,,,,
Washington DC,Male,plane,49,1203,,,,,,,
Washington DC,Manama,plane,16,1000,,,,,,,
Washington DC,Maseru,plane,27,1057,,,,,,,
Washington DC,Mbabane,plane,15,2700,,,,,,,
Washington DC,Mexico,plane,15,425,,,,,,,
Washington DC,Montevideo,plane,17,1438,,,,,,,
Washington DC,N'Djamena,plane,23.5,1537,,,,,,,
Washington DC,Nassau,plane,3,360,,,,,,,
Washington DC,New Delhi,plane,21.5,1232,,,,,,,
Washington DC,Noumea,plane,38,4865,,,,,,,
Washington DC,Noumea,plane,39,2000,,,,,,,
Washington DC,Nuku'alofa,plane,28,1855,,,,,,,
Washington DC,Nuuk,plane,29.3,2210,,,,,,,
Washington DC,Oranjestad,plane,9,450,,,,,,,
Washington DC,Oslo,plane,10.383,503,,,,,,,
Washington DC,Ottawa,plane,1.4,460,,,,,,,
Washington DC,Ottawa,train,17,83,,,,,,,
Washington DC,Ottawa,plane,1.7,535,,,,,,,
Washington DC,Ottawa,bus,18,125,,,,,,,
Washington DC,Ottawa,bus,19.5,113,,,,,,,
Washington DC,Ouagadougou,plane,30,1338,,,,,,,
Washington DC,P'yongyang,plane,26,2800,,,,,,,
Washington DC,P'yongyang,plane,25,1600,,,,,,,
Washington DC,Panama,plane,13,582,,,,,,,
Washington DC,Papeete,plane,17,1435.14,,,,,,,
Washington DC,Paramaribo,plane,14,640,,,,,,,
Washington DC,Paris,plane,20,681,,,,,,,
Washington DC,Phnom Penh,plane,31,2203,,,,,,,
Washington DC,Port Moresby,plane,50.33,2321,,,,,,,
Washington DC,Port-Vila,plane,33,1712,,,,,,,
Washington DC,Prague,plane,19,602,,,,,,,
Washington DC,Praia,plane,32,4622.87,,,,,,,
Washington DC,Quito,plane,8.08,787.83,,,,,,,
Washington DC,Quito,plane,10,1001,,,,,,,
Washington DC,Reykjavik,plane,6.1,258,,,,,,,
Washington DC,Riga,plane,20,600,,,,,,,
Washington DC,Road Town,plane,8,700,,,,,,,
Washington DC,Roseau,plane,21,614,,,,,,,
Washington DC,Saint-Pierre,plane,140,750,,,,,,,
Washington DC,San Marino,plane,15,2400,,,,,,,
Washington DC,San Salvador,plane,9,681,,,,,,,
Washington DC,San Salvador,plane,9,681,,,,,,,
Washington DC,Santiago,plane,13.5,1300,,,,,,,
Washington DC,Sarajevo,plane,38,1191,,,,,,,
Washington DC,Seoul,plane,28,1200,,,,,,,
Washington DC,Singapore,plane,28,1750,,,,,,,
Washington DC,St. Peter Port,plane,40,1057,,,,,,,
Washington DC,Stockholm,plane,23,647,,,,,,,
Washington DC,Suva,plane,45,3303.02,,,,,,,
Washington DC,Tallinn,plane,13.1,830,,,,,,,
Washington DC,Tehran,plane,28,799,,,,,,,
Washington DC,Tokyo,plane,28,1200,,,,,,,
Washington DC,Torshavn,plane,12,2040,,,,,,,
Washington DC,Tunis,plane,12.5,2000,,,,,,,
Washington DC,Valletta,plane,10,1552,,,,,,,
Washington DC,Vientiane,plane,29,1142,,,,,,,
Washington DC,Vientiane,plane,38,2100,,,,,,,
Washington DC,Vilnius,plane,15.3,925,,,,,,,
Washington DC,W. Indies,plane,17,244,,,,,,,
Washington DC,Warsaw,plane,23.25,654,,,,,,,
Washington DC,Willemstad,plane,13,609,,,,,,,
Washington DC,Yaounde,plane,29.2,1590,,,,,,,
Washington DC,Zagreb,plane,15,800,,,,,,,
Wellington,Canberra (Use Sydney),plane,4,420,,,,,,,
Wellington,Lima,plane,21,2400,,,,,,,
Wellington,London,plane,30,1200,,,,,,,
Wellington,Pretoria (Use Johannesburg),plane,26,1200,,,,,,,
Wellington,Singapore,plane,17,866,,,,,,,
Willemstad,Canberra (Use Sydney),plane,40,1952,,,,,,,
Willemstad,Lima,plane,8,709,,,,,,,
Willemstad,London,plane,20,1279,,,,,,,
Willemstad,Pretoria (Use Johannesburg),plane,45,2592,,,,,,,
Willemstad,Pretoria (Use Johannesburg),plane,34,2369,,,,,,,
Willemstad,Washington DC,plane,13,609,,,,,,,
Windhoek,Gaborone,bus,32,150.29,,,,,,,
Windhoek,Luanda,plane,2.5,823.07,,,,,,,
Windhoek,Lusaka,plane,9.35,501.2,,,,,,,
Windhoek,Pretoria (Use Johannesburg),bus,25.25,119,,,,,,,
Yamoussoukro,Accra,plane,1,327,,,,,,,
Yamoussoukro,Conakry,bus,48,35,,,,,,,
Yamoussoukro,Ouagadougou,bus,16,50,,,,,,,
Yangon,Beijing,plane,20,350,,,,,,,
Yangon,Dhaka,plane,5,942,,,,,,,
Yangon,Vientiane,bus,18,65,,,,,,,
Yaounde,Ankara,plane,12,1123,,,,,,,
Yaounde,Bangui,plane,33.5,4220,,,,,,,
Yaounde,Canberra (Use Sydney),plane,46.25,2082,,,,,,,
Yaounde,Kigali,plane,8.5,664,,,,,,,
Yaounde,Lima,plane,60.05,6231,,,,,,,
Yaounde,London,plane,22.35,689,,,,,,,
Yaounde,N'Djamena,bus,0.25,0.4,,,,,,,
Yaounde,Pretoria (Use Johannesburg),plane,12.1,720,,,,,,,
Yaounde,Singapore,plane,33.3,1114,,,,,,,
Yaounde,Washington DC,plane,29.2,1590,,,,,,,
Yerevan,Baku,plane,35.2,446,,,,,,,
Yerevan,Luanda,plane,24.2,1060,,,,,,,
Yerevan,T'bilisi,bus,2,8.44,,,,,,,
Yerevan,Tehran,plane,24,7634,,,,,,,
Zagreb,Belgrade,train,6.61,70.45,,,,,,,
Zagreb,Budapest,train,6.5,62,,,,,,,
Zagreb,Canberra (Use Sydney),plane,30,1760,,,,,,,
Zagreb,Lima,plane,26,1769,,,,,,,
Zagreb,Ljubljana,train,2.27,28.28,,,,,,,
Zagreb,London,plane,2.5,213,,,,,,,
Zagreb,Pretoria (Use Johannesburg),plane,22.5,1300,,,,,,,
Zagreb,Sarajevo,plane,0.83,209.76,,,,,,,
Zagreb,Singapore,plane,18,1424,,,,,,,
Zagreb,Washington DC,plane,15,800,,,,,,,
